,Unnamed: 0.1,Column1,sexo,edad,nom_region,zona_u_r,gse,esc_nivel_1,info_enc_58,info_enc_30,religion_82,iden_pol_2,iden_pol_3,interes_pol_1_b,elec_pres_144_a,constitucion_20_a,polarizacion_1_a,polarizacion_1_b,religion_14,democracia_21,percepcion_1_a,eval_gob_1,pred
0,0,3,2,40,METROPOLITANA,1,3,3,2,0.0,9,8,15,5,2.0,2.0,9,9,2,3,1,2,Rechazo
1,2,8,2,54,VALPARAÍSO,1,3,6,2,0.0,1,5,15,3,1.0,2.0,5,5,3,3,9,1,Apruebo
2,5,15,2,39,MAULE,1,2,8,2,0.0,1,10,13,3,2.0,2.0,10,0,2,1,3,2,Rechazo
3,6,17,1,21,MAULE,1,2,7,2,0.0,1,6,1,3,1.0,1.0,5,5,3,1,9,1,Apruebo
4,7,18,2,19,METROPOLITANA,1,2,4,2,0.0,9,6,15,4,1.0,1.0,1,6,3,1,1,1,Apruebo
5,8,21,2,36,METROPOLITANA,1,1,8,2,0.0,9,5,15,3,1.0,1.0,0,0,2,1,14,3,Apruebo
6,9,22,1,34,METROPOLITANA,1,2,4,2,0.0,9,5,15,3,3.0,2.0,5,5,2,2,3,2,Apruebo
7,10,31,2,42,METROPOLITANA,1,3,3,2,0.0,9,3,9,2,1.0,1.0,2,7,3,1,27,1,Apruebo
8,12,34,1,21,METROPOLITANA,1,4,3,2,0.0,10,5,17,4,1.0,2.0,5,5,2,1,9,1,Nulo
9,13,36,2,35,VALPARAÍSO,1,4,7,1,5.0,11,5,15,3,1.0,1.0,0,5,3,1,26,1,Apruebo
10,15,39,1,51,METROPOLITANA,1,2,5,2,0.0,1,4,5,3,1.0,2.0,3,5,2,1,1,2,Apruebo
11,16,41,2,47,METROPOLITANA,1,2,5,1,5.0,1,5,15,5,1.0,2.0,5,0,2,1,1,3,Apruebo
12,17,43,1,66,METROPOLITANA,1,3,4,2,0.0,1,88,15,3,3.0,2.0,5,0,3,3,3,2,Rechazo
13,18,44,1,79,METROPOLITANA,1,3,2,2,0.0,9,6,9,3,1.0,1.0,0,0,2,1,1,1,Nulo
14,20,47,2,24,METROPOLITANA,1,3,4,2,0.0,9,5,15,3,1.0,1.0,4,5,3,2,1,1,Apruebo
15,21,48,2,28,VALPARAÍSO,1,4,6,2,0.0,1,5,15,3,1.0,1.0,5,5,2,2,9,3,Apruebo
16,22,53,2,60,LIBERTADOR BERNARDO OHIGGINS,1,4,2,8,0.0,1,10,1,5,2.0,1.0,0,0,2,1,1,2,Rechazo
17,23,55,1,23,LIBERTADOR BERNARDO OHIGGINS,1,3,7,1,5.0,9,3,15,4,1.0,1.0,1,2,3,9,1,2,Apruebo
18,24,56,2,60,LIBERTADOR BERNARDO OHIGGINS,1,3,2,2,0.0,3,88,15,5,3.0,3.0,88,88,1,3,9,3,Nulo
19,25,58,2,28,LIBERTADOR BERNARDO OHIGGINS,1,4,4,2,0.0,1,10,15,5,2.0,2.0,10,0,1,3,3,2,Rechazo
20,26,60,1,57,METROPOLITANA,1,3,6,2,0.0,1,5,21,4,2.0,2.0,5,0,3,1,3,2,Apruebo
21,27,64,2,52,METROPOLITANA,1,2,6,2,0.0,4,10,15,2,1.0,2.0,5,5,2,2,26,2,Rechazo
22,29,68,1,25,BIOBÍO,1,3,8,2,0.0,2,5,15,3,3.0,1.0,5,5,2,1,4,1,Apruebo
23,30,70,1,46,MAULE,1,4,4,2,0.0,2,5,17,1,2.0,2.0,0,0,2,2,3,2,Rechazo
24,31,71,1,55,METROPOLITANA,1,3,8,2,0.0,2,7,15,2,2.0,2.0,7,3,2,1,9,2,Rechazo
25,32,72,2,33,METROPOLITANA,1,3,6,1,5.0,9,4,15,5,3.0,1.0,5,5,2,2,12,2,Apruebo
26,33,74,1,28,METROPOLITANA,1,3,4,2,0.0,1,99,19,5,1.0,1.0,0,0,2,1,27,2,Apruebo
27,34,75,1,52,METROPOLITANA,1,3,2,2,0.0,2,88,15,5,1.0,2.0,5,5,1,1,5,2,Rechazo
28,35,76,2,57,METROPOLITANA,1,2,4,2,0.0,1,88,15,3,1.0,1.0,5,5,3,2,1,3,Apruebo
29,36,79,1,69,METROPOLITANA,1,3,3,2,0.0,1,10,15,1,2.0,2.0,6,0,1,2,1,2,Rechazo
30,37,84,1,68,COQUIMBO,1,3,9,2,0.0,1,5,5,2,2.0,2.0,5,2,2,1,14,2,Apruebo
31,38,90,2,42,LOS LAGOS,1,4,2,1,5.0,1,5,15,5,1.0,2.0,88,88,2,3,1,2,Apruebo
32,39,94,1,80,METROPOLITANA,1,3,1,2,0.0,1,5,15,5,1.0,1.0,5,5,1,1,3,1,Apruebo
33,41,96,1,30,VALPARAÍSO,1,3,4,2,0.0,9,5,15,2,1.0,2.0,0,0,2,3,2,2,Apruebo
34,42,99,2,48,ARAUCANÍA,2,4,1,2,0.0,2,10,15,4,2.0,2.0,10,10,1,3,6,1,Rechazo
35,43,101,2,28,METROPOLITANA,1,3,8,2,0.0,1,10,13,3,2.0,2.0,10,5,3,1,3,2,Rechazo
36,46,107,2,52,METROPOLITANA,1,2,8,2,0.0,1,1,3,4,1.0,1.0,0,10,3,1,7,1,Apruebo
37,47,108,1,25,METROPOLITANA,1,2,8,2,0.0,9,3,21,3,1.0,1.0,4,5,3,1,8,3,Apruebo
38,48,109,2,31,ARAUCANÍA,1,4,4,2,0.0,2,10,1,4,1.0,2.0,6,5,1,3,3,2,Rechazo
39,50,111,2,38,ARAUCANÍA,1,4,4,2,0.0,9,10,15,5,2.0,2.0,5,5,3,3,1,2,Rechazo
40,51,113,1,81,METROPOLITANA,1,2,4,2,0.0,1,5,15,4,1.0,1.0,0,0,3,1,3,1,Rechazo
41,52,114,2,84,METROPOLITANA,1,2,3,2,0.0,1,10,10,3,2.0,2.0,8,0,2,1,3,2,Rechazo
42,53,116,1,25,METROPOLITANA,1,2,6,2,0.0,2,5,15,5,1.0,3.0,2,5,2,1,11,3,Nulo
43,54,117,2,37,METROPOLITANA,1,4,4,2,0.0,1,5,17,5,2.0,2.0,5,5,1,1,10,2,Apruebo
44,55,123,2,44,ARAUCANÍA,1,3,7,2,0.0,1,7,15,4,2.0,2.0,5,5,2,1,3,2,Rechazo
45,56,124,2,65,ARAUCANÍA,1,3,2,2,0.0,2,7,2,5,2.0,2.0,88,88,2,3,3,2,Rechazo
46,58,129,2,27,LOS LAGOS,1,2,5,2,0.0,1,6,88,2,1.0,1.0,5,5,3,1,11,2,Apruebo
47,59,130,1,56,METROPOLITANA,1,2,5,2,0.0,1,7,18,2,2.0,2.0,5,5,3,1,3,2,Rechazo
48,60,132,2,38,ÑUBLE,1,3,5,2,0.0,9,5,15,3,2.0,2.0,5,5,1,1,2,2,Apruebo
49,61,133,2,66,ÑUBLE,1,3,4,2,0.0,1,5,15,5,1.0,1.0,5,5,2,3,26,1,Nulo
50,62,135,1,32,METROPOLITANA,1,2,8,2,0.0,9,1,11,2,1.0,1.0,0,7,3,1,3,1,Apruebo
51,64,138,2,33,METROPOLITANA,1,3,4,2,0.0,9,88,15,4,2.0,2.0,88,88,3,1,11,2,Apruebo
52,67,142,1,51,METROPOLITANA,1,2,8,2,0.0,1,8,15,4,2.0,2.0,5,5,2,2,3,2,Rechazo
53,68,143,1,39,METROPOLITANA,1,1,8,1,5.0,9,3,3,2,1.0,1.0,5,5,3,1,16,1,Apruebo
54,69,148,1,65,METROPOLITANA,1,2,8,2,0.0,1,7,15,3,2.0,2.0,8,0,2,2,3,2,Rechazo
55,70,149,1,65,ARAUCANÍA,1,3,4,2,0.0,99,5,15,5,2.0,2.0,0,0,2,2,1,2,Apruebo
56,71,152,2,64,ÑUBLE,1,4,4,2,0.0,1,10,10,5,2.0,2.0,5,99,1,3,3,2,Apruebo
57,72,153,1,46,ÑUBLE,1,3,4,2,0.0,1,5,15,3,2.0,2.0,5,0,3,3,1,2,Apruebo
58,73,156,2,42,LOS LAGOS,1,2,5,2,0.0,2,1,15,3,2.0,2.0,5,5,1,8,5,2,Apruebo
59,74,157,2,33,ARAUCANÍA,1,3,6,1,5.0,1,99,15,4,2.0,2.0,5,5,2,2,17,2,Apruebo
60,76,159,1,63,ARAUCANÍA,1,3,4,2,0.0,1,5,17,5,2.0,2.0,5,5,2,1,3,2,Rechazo
61,77,160,1,32,VALPARAÍSO,1,2,9,2,0.0,10,3,16,1,1.0,1.0,5,7,3,1,13,1,Apruebo
62,80,163,2,28,MAULE,1,2,8,2,0.0,9,4,15,3,1.0,1.0,3,5,3,1,16,2,Apruebo
63,82,166,2,63,METROPOLITANA,1,3,8,2,0.0,1,99,10,2,2.0,2.0,5,1,2,8,3,2,Apruebo
64,83,168,1,31,ARAUCANÍA,2,3,4,2,0.0,8,88,15,2,1.0,1.0,10,99,2,3,7,1,Apruebo
65,84,169,2,48,ARAUCANÍA,2,3,4,2,0.0,1,10,15,2,2.0,2.0,10,0,3,3,2,2,Rechazo
66,85,170,1,69,BIOBÍO,1,3,6,2,0.0,9,6,10,3,2.0,2.0,10,0,1,1,1,2,Apruebo
67,87,172,1,59,BIOBÍO,1,4,8,2,0.0,9,4,9,5,1.0,1.0,0,4,3,1,16,1,Apruebo
68,88,173,2,76,BIOBÍO,1,3,2,1,5.0,1,6,1,4,1.0,1.0,5,5,2,1,3,1,Apruebo
69,89,174,2,58,LIBERTADOR BERNARDO OHIGGINS,1,4,2,2,0.0,1,10,15,4,1.0,2.0,0,5,2,1,5,3,Rechazo
70,90,177,2,71,LOS LAGOS,1,3,4,2,0.0,1,5,15,5,2.0,2.0,6,3,2,3,9,2,Apruebo
71,91,179,2,36,LOS LAGOS,1,4,3,1,5.0,1,7,15,5,1.0,2.0,5,5,2,3,9,2,Rechazo
72,92,181,2,60,LOS LAGOS,1,4,2,2,0.0,2,5,9,5,1.0,2.0,0,5,2,1,9,2,Apruebo
73,94,183,2,74,BIOBÍO,1,3,2,2,0.0,1,99,15,5,2.0,2.0,5,5,2,1,3,2,Rechazo
74,95,184,2,63,BIOBÍO,1,3,4,2,0.0,1,3,3,4,1.0,1.0,0,10,2,1,26,1,Apruebo
75,96,186,2,48,BIOBÍO,1,3,4,2,0.0,1,99,15,5,1.0,2.0,5,5,3,1,5,2,Rechazo
76,97,187,1,55,METROPOLITANA,1,3,4,2,0.0,1,7,10,2,2.0,2.0,7,1,2,1,1,2,Rechazo
77,98,188,2,34,METROPOLITANA,1,4,4,2,0.0,9,2,3,1,1.0,1.0,0,9,3,1,9,1,Apruebo
78,99,191,1,32,METROPOLITANA,1,3,8,2,0.0,1,5,15,3,1.0,1.0,5,5,2,1,3,2,Apruebo
79,100,192,2,32,METROPOLITANA,1,3,5,2,0.0,8,5,13,4,1.0,1.0,0,0,3,1,16,2,Rechazo
80,101,193,1,59,METROPOLITANA,1,3,2,2,0.0,1,5,9,4,1.0,1.0,5,5,3,1,16,2,Apruebo
81,102,194,2,28,METROPOLITANA,1,4,6,2,0.0,2,5,5,1,1.0,2.0,5,5,2,3,3,2,Apruebo
82,103,197,2,42,METROPOLITANA,1,4,3,2,0.0,1,5,1,4,1.0,2.0,5,5,2,3,3,2,Apruebo
83,104,198,2,50,VALPARAÍSO,1,2,8,2,0.0,1,5,15,4,1.0,1.0,5,5,3,3,3,1,Apruebo
84,105,203,2,46,ÑUBLE,2,3,4,2,0.0,9,4,15,4,1.0,1.0,2,6,2,1,2,1,Apruebo
85,107,208,2,56,ARAUCANÍA,1,3,3,2,0.0,9,3,9,4,1.0,1.0,3,10,3,1,9,2,Apruebo
86,108,209,2,70,ARAUCANÍA,1,3,1,1,5.0,1,6,15,4,1.0,1.0,88,88,1,3,6,3,Nulo
87,109,211,1,68,ARAUCANÍA,1,3,4,1,11.0,1,10,18,2,2.0,2.0,3,0,2,1,14,2,Rechazo
88,110,212,1,51,ARAUCANÍA,1,4,4,2,0.0,1,10,15,5,2.0,2.0,3,5,2,3,1,2,Rechazo
89,111,214,2,67,METROPOLITANA,1,3,4,2,0.0,2,88,15,2,1.0,1.0,0,0,2,1,5,1,Rechazo
90,113,216,1,73,METROPOLITANA,1,3,1,2,0.0,2,88,15,3,1.0,2.0,5,0,1,3,9,1,Rechazo
91,114,218,1,61,METROPOLITANA,1,4,8,2,0.0,9,88,15,5,3.0,2.0,0,0,3,3,5,2,Nulo
92,116,225,1,53,MAULE,2,3,3,2,0.0,1,5,15,4,1.0,2.0,1,1,3,1,1,2,Rechazo
93,117,226,1,66,MAULE,2,4,2,2,0.0,1,5,10,5,2.0,2.0,5,5,2,1,1,2,Rechazo
94,118,227,1,31,MAULE,2,4,3,2,0.0,2,10,17,3,2.0,2.0,5,5,2,2,1,2,Rechazo
95,120,229,1,65,VALPARAÍSO,1,2,8,2,0.0,1,5,15,3,2.0,2.0,5,5,2,3,3,2,Nulo
96,121,230,1,65,ANTOFAGASTA,1,4,0,2,0.0,1,9,88,5,1.0,1.0,88,88,2,8,10,1,Rechazo
97,122,236,1,24,VALPARAÍSO,1,3,5,2,0.0,9,5,15,5,1.0,1.0,2,2,3,1,10,3,Nulo
98,123,237,2,32,ANTOFAGASTA,1,2,4,2,0.0,2,8,10,3,2.0,2.0,5,0,2,1,14,2,Rechazo
99,124,238,1,75,COQUIMBO,1,3,1,2,0.0,1,10,9,5,1.0,1.0,5,10,1,1,7,2,Rechazo
100,125,240,2,38,ANTOFAGASTA,1,4,3,2,0.0,9,5,15,5,3.0,2.0,5,5,2,1,3,2,Nulo
101,127,242,2,71,LIBERTADOR BERNARDO OHIGGINS,1,3,2,2,0.0,2,3,15,5,2.0,2.0,7,5,2,3,1,2,Rechazo
102,128,243,1,39,VALPARAÍSO,1,3,8,2,0.0,1,5,15,1,1.0,1.0,0,0,3,1,3,2,Apruebo
103,129,244,1,52,METROPOLITANA,1,4,3,1,5.0,9,99,15,2,1.0,1.0,99,99,2,1,1,2,Apruebo
104,131,246,1,35,ANTOFAGASTA,1,1,8,2,0.0,1,5,15,3,1.0,2.0,5,5,2,1,10,1,Apruebo
105,133,251,1,42,METROPOLITANA,1,2,8,2,0.0,9,4,15,3,1.0,1.0,0,6,3,1,3,1,Apruebo
106,135,253,2,40,ARAUCANÍA,1,3,4,2,0.0,1,6,13,5,3.0,2.0,5,3,2,1,5,2,Rechazo
107,136,254,1,55,MAULE,2,3,1,2,0.0,1,8,15,5,2.0,2.0,5,5,1,3,26,2,Rechazo
108,137,255,1,61,MAULE,2,3,6,2,0.0,1,5,17,4,1.0,1.0,0,0,2,1,5,1,Rechazo
109,138,256,2,43,MAULE,2,4,3,2,0.0,5,5,5,4,1.0,1.0,0,5,1,1,6,1,Nulo
110,139,257,2,90,MAULE,2,3,2,2,0.0,1,10,1,3,1.0,2.0,5,5,1,3,3,1,Rechazo
111,140,258,2,48,ARAUCANÍA,1,3,3,2,0.0,2,88,15,5,1.0,1.0,88,88,2,1,3,1,Rechazo
112,142,264,2,60,MAULE,2,4,2,2,0.0,5,5,15,5,1.0,1.0,4,10,1,1,1,1,Nulo
113,143,265,2,41,MAULE,2,3,2,2,0.0,1,6,15,4,1.0,2.0,8,5,2,2,1,2,Apruebo
114,144,266,1,52,MAULE,2,3,1,2,0.0,1,7,1,4,2.0,2.0,10,5,2,3,3,2,Rechazo
115,145,267,1,67,VALPARAÍSO,1,3,3,2,0.0,9,5,15,5,1.0,2.0,5,5,2,1,10,3,Nulo
116,146,268,2,72,LIBERTADOR BERNARDO OHIGGINS,1,4,1,2,0.0,1,5,15,3,2.0,2.0,2,2,1,1,3,2,Apruebo
117,147,270,1,53,METROPOLITANA,1,3,2,1,5.0,2,5,15,5,2.0,2.0,5,5,2,2,1,2,Apruebo
118,149,273,2,65,METROPOLITANA,1,3,3,2,0.0,1,10,15,3,1.0,1.0,5,5,3,3,3,1,Rechazo
119,150,274,2,32,LIBERTADOR BERNARDO OHIGGINS,1,3,8,2,0.0,9,4,11,3,1.0,1.0,5,5,3,1,10,1,Apruebo
120,151,275,2,59,LIBERTADOR BERNARDO OHIGGINS,1,3,3,2,0.0,9,5,15,5,2.0,2.0,4,0,3,2,17,2,Apruebo
121,152,278,2,56,ANTOFAGASTA,1,4,0,2,0.0,1,6,15,4,1.0,1.0,6,5,1,1,1,1,Nulo
122,153,280,2,35,ANTOFAGASTA,1,3,4,2,0.0,1,5,1,4,1.0,1.0,5,8,2,1,1,1,Apruebo
123,154,283,2,83,METROPOLITANA,1,3,2,2,0.0,1,4,15,5,3.0,2.0,5,0,1,3,3,3,Nulo
124,155,284,2,66,METROPOLITANA,1,3,4,2,0.0,1,10,15,5,2.0,2.0,5,6,2,3,10,2,Apruebo
125,156,285,2,65,METROPOLITANA,1,3,4,2,0.0,1,10,13,5,2.0,2.0,10,0,2,2,3,2,Rechazo
126,157,289,2,29,METROPOLITANA,1,3,8,2,0.0,9,88,17,3,2.0,2.0,5,5,2,1,3,2,Apruebo
127,158,291,2,50,METROPOLITANA,1,2,4,8,0.0,1,5,5,4,1.0,1.0,5,5,3,3,1,2,Apruebo
128,159,294,2,67,METROPOLITANA,2,4,1,2,0.0,1,88,15,3,1.0,2.0,10,0,1,2,3,2,Rechazo
129,160,295,1,67,METROPOLITANA,2,4,1,2,0.0,1,88,1,5,1.0,2.0,0,0,2,3,9,3,Rechazo
130,161,297,2,37,METROPOLITANA,2,4,2,2,0.0,1,88,15,5,1.0,2.0,88,88,3,2,3,2,Apruebo
131,163,303,1,20,METROPOLITANA,1,2,4,2,0.0,9,3,15,2,1.0,1.0,4,6,3,1,3,1,Apruebo
132,164,304,1,70,VALPARAÍSO,1,3,4,2,0.0,3,5,15,5,3.0,3.0,4,2,1,1,3,2,Rechazo
133,165,305,1,67,METROPOLITANA,1,3,3,2,0.0,9,5,15,2,1.0,2.0,4,5,3,2,9,1,Apruebo
134,166,309,1,55,METROPOLITANA,1,4,0,2,0.0,1,1,15,4,1.0,1.0,1,1,3,3,1,9,Apruebo
135,167,310,1,40,VALPARAÍSO,1,2,8,2,0.0,9,5,9,2,1.0,1.0,6,5,3,1,17,1,Apruebo
136,168,311,1,19,LOS LAGOS,2,3,5,2,0.0,2,7,15,4,2.0,2.0,5,5,2,1,17,2,Rechazo
137,170,313,1,70,METROPOLITANA,1,3,4,2,0.0,1,5,1,5,2.0,2.0,5,5,2,3,3,2,Rechazo
138,171,314,1,73,METROPOLITANA,1,3,4,2,0.0,9,8,10,3,2.0,2.0,5,0,2,3,2,2,Rechazo
139,172,315,1,73,METROPOLITANA,1,3,3,1,5.0,2,5,1,4,1.0,2.0,5,5,3,1,1,2,Rechazo
140,173,316,1,32,METROPOLITANA,1,3,4,2,0.0,9,5,15,4,3.0,3.0,0,0,2,9,10,2,Apruebo
141,174,318,2,53,METROPOLITANA,1,2,8,2,0.0,2,5,15,3,2.0,1.0,5,5,1,1,3,2,Apruebo
142,176,322,1,21,METROPOLITANA,1,3,4,2,0.0,2,5,10,2,1.0,1.0,5,3,2,1,1,2,Rechazo
143,177,323,2,42,LOS LAGOS,2,3,4,2,0.0,1,7,15,5,2.0,2.0,5,5,3,3,9,2,Rechazo
144,178,326,1,35,LOS LAGOS,2,2,8,2,0.0,8,5,15,4,2.0,2.0,5,5,2,3,14,2,Nulo
145,179,328,2,57,LOS LAGOS,2,4,3,2,0.0,1,3,5,4,1.0,2.0,5,5,3,3,9,2,Apruebo
146,180,333,2,31,COQUIMBO,2,3,3,2,0.0,1,88,15,3,2.0,2.0,7,7,3,3,3,2,Apruebo
147,181,334,2,50,COQUIMBO,2,3,3,2,0.0,1,88,13,4,1.0,1.0,5,5,2,1,10,2,Rechazo
148,182,335,1,60,ARAUCANÍA,2,4,2,2,0.0,9,99,15,5,2.0,2.0,88,0,2,1,26,2,Nulo
149,183,337,2,23,LOS LAGOS,1,3,5,2,0.0,1,1,9,4,1.0,3.0,5,10,3,8,3,2,Apruebo
150,184,338,1,59,LIBERTADOR BERNARDO OHIGGINS,1,4,3,2,0.0,1,5,15,3,1.0,1.0,7,3,3,2,5,2,Nulo
151,185,339,2,19,LIBERTADOR BERNARDO OHIGGINS,1,4,4,2,0.0,9,88,15,5,2.0,2.0,6,6,3,8,3,2,Apruebo
152,186,341,1,47,METROPOLITANA,1,2,4,2,0.0,1,99,15,1,1.0,2.0,0,0,2,1,1,2,Apruebo
153,187,343,2,86,METROPOLITANA,1,3,1,2,0.0,1,88,1,5,1.0,1.0,88,88,2,1,5,1,Apruebo
154,188,346,1,28,METROPOLITANA,1,2,8,2,0.0,9,4,11,2,1.0,1.0,3,6,3,1,27,1,Apruebo
155,189,351,1,37,METROPOLITANA,1,3,4,2,0.0,9,5,15,3,2.0,2.0,0,0,2,3,3,2,Apruebo
156,190,354,1,40,METROPOLITANA,1,3,4,2,0.0,1,88,15,5,2.0,2.0,5,7,1,8,14,2,Nulo
157,192,357,2,31,METROPOLITANA,1,3,4,2,0.0,9,1,15,4,1.0,1.0,0,5,3,1,10,1,Apruebo
158,193,360,2,41,VALPARAÍSO,2,4,4,2,0.0,1,5,15,4,2.0,2.0,4,4,2,3,10,2,Nulo
159,194,362,2,70,VALPARAÍSO,2,4,1,2,0.0,1,10,5,5,2.0,2.0,9,10,2,1,1,2,Rechazo
160,195,364,2,34,VALPARAÍSO,2,3,5,2,0.0,1,2,15,5,2.0,1.0,5,5,3,3,17,2,Apruebo
161,196,366,1,63,VALPARAÍSO,2,4,1,2,0.0,1,5,1,4,1.0,2.0,5,6,2,1,10,1,Rechazo
162,197,368,1,54,ARAUCANÍA,1,3,4,2,0.0,1,99,15,5,2.0,2.0,88,88,3,1,3,2,Rechazo
163,198,369,1,62,VALPARAÍSO,1,3,6,2,0.0,1,5,15,5,2.0,2.0,5,5,2,1,3,2,Rechazo
164,199,370,1,43,VALPARAÍSO,1,2,6,1,5.0,1,5,15,2,2.0,2.0,5,5,2,1,3,2,Apruebo
165,200,371,2,52,VALPARAÍSO,1,4,4,2,0.0,1,4,15,4,1.0,1.0,5,5,2,1,10,1,Rechazo
166,201,372,1,79,VALPARAÍSO,1,4,4,2,0.0,1,5,15,3,2.0,2.0,5,5,2,1,1,3,Rechazo
167,202,373,1,64,VALPARAÍSO,1,3,1,2,0.0,1,5,15,2,1.0,2.0,3,5,1,3,1,1,Apruebo
168,203,376,2,56,METROPOLITANA,1,1,6,2,0.0,1,8,15,3,2.0,2.0,5,5,2,2,3,2,Rechazo
169,204,377,2,43,METROPOLITANA,1,1,8,2,0.0,1,9,15,3,2.0,2.0,8,4,1,2,26,2,Rechazo
170,205,378,1,59,METROPOLITANA,1,1,8,2,0.0,1,5,15,2,1.0,1.0,5,6,2,1,8,2,Apruebo
171,206,380,1,19,METROPOLITANA,1,3,4,2,0.0,1,3,15,5,1.0,1.0,1,8,2,2,14,1,Apruebo
172,207,381,1,38,METROPOLITANA,1,2,8,2,0.0,9,6,15,3,1.0,2.0,5,0,2,1,3,2,Apruebo
173,208,382,1,34,METROPOLITANA,1,2,8,2,0.0,3,7,18,2,2.0,2.0,7,2,2,1,3,2,Rechazo
174,209,383,2,53,LOS RÍOS,1,3,1,2,0.0,2,7,15,5,2.0,2.0,5,0,1,3,13,2,Rechazo
175,211,387,1,74,METROPOLITANA,1,3,1,2,0.0,9,1,15,5,3.0,1.0,5,5,3,3,3,1,Nulo
176,212,388,2,26,METROPOLITANA,1,3,6,2,0.0,9,5,9,4,1.0,2.0,5,5,2,1,1,1,Apruebo
177,214,394,2,63,METROPOLITANA,1,4,4,2,0.0,99,5,15,5,1.0,1.0,0,0,1,2,3,3,Nulo
178,215,398,1,51,METROPOLITANA,1,2,9,2,0.0,9,6,15,3,1.0,1.0,2,6,2,1,3,1,Apruebo
179,216,400,2,24,ANTOFAGASTA,1,3,4,2,0.0,2,5,20,5,1.0,2.0,5,5,2,2,7,2,Rechazo
180,217,403,2,28,ANTOFAGASTA,1,1,6,2,0.0,9,5,15,5,1.0,1.0,0,0,3,1,8,1,Nulo
181,219,409,2,23,LOS RÍOS,1,2,7,2,0.0,10,1,3,1,1.0,1.0,0,10,3,1,4,1,Apruebo
182,220,410,2,30,ANTOFAGASTA,1,4,4,2,0.0,1,1,15,3,1.0,1.0,0,9,3,3,1,1,Apruebo
183,221,412,1,24,ANTOFAGASTA,1,4,3,2,0.0,1,5,15,5,1.0,1.0,5,5,2,9,3,1,Nulo
184,222,413,2,36,ANTOFAGASTA,1,4,6,2,0.0,1,6,13,3,2.0,2.0,5,5,2,2,1,2,Rechazo
185,223,414,2,63,METROPOLITANA,1,3,3,1,5.0,1,99,15,5,1.0,1.0,0,5,3,3,10,3,Nulo
186,224,416,1,66,METROPOLITANA,1,4,4,2,0.0,9,88,15,5,1.0,2.0,7,0,3,1,9,2,Rechazo
187,225,417,1,41,METROPOLITANA,1,3,4,2,0.0,9,5,10,2,2.0,2.0,10,0,2,3,17,2,Apruebo
188,226,419,1,25,MAULE,1,2,7,2,0.0,1,4,9,2,1.0,1.0,2,5,3,1,17,2,Apruebo.
189,227,420,1,79,MAULE,1,4,0,2,0.0,2,1,3,2,1.0,1.0,0,7,2,1,1,1,Apruebo
190,228,425,2,25,METROPOLITANA,1,3,4,2,0.0,9,1,15,4,1.0,1.0,5,5,3,1,10,2,Apruebo
191,229,427,1,47,METROPOLITANA,1,2,7,2,0.0,1,5,15,4,1.0,1.0,5,5,3,2,3,3,Apruebo
192,230,428,1,67,METROPOLITANA,1,4,2,2,0.0,2,1,3,1,1.0,1.0,3,6,2,1,1,1,Apruebo.
193,233,434,1,42,VALPARAÍSO,1,3,6,2,0.0,1,4,15,4,1.0,2.0,1,2,2,1,1,3,Apruebo
194,234,435,2,37,VALPARAÍSO,1,3,8,2,0.0,9,5,17,3,1.0,1.0,5,5,3,1,10,1,Apruebo
195,235,436,1,83,VALPARAÍSO,1,2,2,2,0.0,1,5,9,3,1.0,1.0,3,5,2,1,5,1,Apruebo
196,236,437,1,39,METROPOLITANA,1,3,4,2,0.0,1,99,88,2,2.0,2.0,6,1,3,1,3,2,Apruebo
197,237,438,1,68,METROPOLITANA,1,2,8,2,0.0,1,6,15,5,1.0,2.0,7,7,1,1,17,2,Apruebo
198,238,439,2,71,METROPOLITANA,1,2,8,2,0.0,1,3,16,3,1.0,1.0,2,7,3,1,2,1,Apruebo
199,239,442,2,37,METROPOLITANA,1,2,8,2,0.0,2,6,15,5,2.0,2.0,7,3,2,1,3,2,Rechazo
200,240,443,2,42,BIOBÍO,1,1,4,2,0.0,9,5,15,5,1.0,1.0,4,4,2,1,3,2,Nulo
201,241,444,2,27,BIOBÍO,1,1,8,2,0.0,9,5,15,4,3.0,3.0,4,4,3,8,5,2,Nulo
202,242,445,2,35,BIOBÍO,1,1,4,2,0.0,9,5,15,4,2.0,1.0,4,4,2,1,3,3,Apruebo
203,243,446,2,32,ÑUBLE,1,3,4,2,0.0,1,10,15,5,1.0,2.0,5,5,3,3,3,2,Rechazo
204,244,447,2,38,BIOBÍO,1,4,4,2,0.0,1,99,99,5,1.0,1.0,0,5,2,3,2,1,Nulo
205,247,452,2,33,METROPOLITANA,1,3,3,2,0.0,9,99,15,5,1.0,2.0,99,99,2,2,5,2,Apruebo
206,248,453,2,41,ARAUCANÍA,2,5,3,2,0.0,2,5,13,3,2.0,2.0,7,1,2,1,5,2,Rechazo
207,249,454,2,21,ARAUCANÍA,2,5,7,1,5.0,2,10,10,2,2.0,2.0,5,5,2,1,11,2,Rechazo
208,250,455,1,83,LOS RÍOS,2,3,2,2,0.0,2,5,1,3,1.0,1.0,5,5,1,2,2,1,Rechazo
209,251,456,2,65,LOS RÍOS,2,3,2,1,5.0,1,3,10,3,2.0,2.0,5,0,2,2,3,2,Apruebo
210,252,457,2,49,BIOBÍO,1,4,4,2,0.0,2,10,15,4,2.0,2.0,5,0,2,2,26,2,Rechazo
211,253,461,2,20,METROPOLITANA,1,3,4,2,0.0,9,4,15,3,1.0,1.0,5,5,3,1,1,1,Apruebo
212,254,465,2,81,BIOBÍO,1,3,1,2,0.0,1,99,15,5,3.0,2.0,88,88,1,3,3,3,Rechazo
213,255,466,2,26,LOS RÍOS,2,3,4,1,5.0,1,5,20,5,1.0,2.0,5,5,3,3,1,2,Apruebo
214,256,468,2,28,METROPOLITANA,1,3,5,2,0.0,2,8,15,4,1.0,1.0,5,5,3,2,14,1,Rechazo
215,257,469,2,36,LOS RÍOS,2,3,2,2,0.0,2,5,20,4,2.0,2.0,5,5,2,2,3,2,Apruebo
216,258,472,1,32,METROPOLITANA,1,3,5,2,0.0,9,88,15,1,1.0,1.0,0,0,2,1,2,2,Apruebo
217,260,477,2,49,ARAUCANÍA,1,3,4,2,0.0,99,10,88,3,2.0,2.0,5,5,1,1,10,2,Rechazo
218,261,479,1,20,METROPOLITANA,1,3,7,2,0.0,8,10,18,3,2.0,2.0,8,3,2,2,3,2,Rechazo
219,262,481,2,71,LIBERTADOR BERNARDO OHIGGINS,1,4,1,2,0.0,2,88,15,5,1.0,1.0,5,3,1,8,3,8,Rechazo
220,263,483,1,70,METROPOLITANA,1,3,7,2,0.0,1,8,13,5,2.0,2.0,8,2,2,1,9,2,Rechazo
221,264,486,2,33,LOS LAGOS,1,3,5,2,0.0,1,4,3,4,1.0,1.0,7,5,3,1,1,1,Apruebo
222,266,490,1,22,ARAUCANÍA,1,3,7,2,0.0,9,4,15,1,1.0,1.0,0,5,3,1,14,1,Apruebo
223,268,494,2,84,LOS LAGOS,1,4,0,2,0.0,2,10,15,5,1.0,2.0,88,88,1,2,6,2,Rechazo
224,269,495,2,71,LOS LAGOS,1,4,1,2,0.0,1,10,15,5,1.0,2.0,2,1,1,3,1,2,Rechazo
225,270,496,2,28,LOS LAGOS,1,4,2,2,0.0,1,99,17,5,2.0,2.0,99,99,2,3,7,2,Rechazo
226,271,498,2,38,LOS LAGOS,1,3,6,1,5.0,1,4,21,1,1.0,1.0,2,2,2,1,9,1,Apruebo
227,272,500,2,22,VALPARAÍSO,1,3,7,2,0.0,9,4,15,3,1.0,1.0,2,5,3,1,26,1,Apruebo
228,274,503,1,47,VALPARAÍSO,1,2,4,2,0.0,1,6,15,5,1.0,2.0,4,4,2,2,6,2,Nulo
229,275,504,2,43,MAULE,1,2,8,2,0.0,1,5,1,1,1.0,1.0,1,5,2,1,3,1,Apruebo
230,277,506,2,54,ÑUBLE,2,3,4,2,0.0,1,4,15,3,1.0,1.0,3,6,3,1,3,3,Apruebo.
231,278,507,2,45,ÑUBLE,2,2,6,2,0.0,2,4,15,4,1.0,1.0,7,9,2,3,11,1,Rechazo
232,279,509,2,44,MAULE,1,3,6,2,0.0,1,6,15,4,1.0,1.0,0,5,2,3,11,1,Apruebo
233,282,512,1,46,MAULE,1,3,4,2,0.0,1,7,2,3,2.0,2.0,5,5,2,1,9,2,Rechazo.
234,283,515,1,38,METROPOLITANA,1,3,5,2,0.0,11,6,10,2,2.0,2.0,5,5,2,1,1,2,Rechazo
235,284,517,2,43,METROPOLITANA,1,3,4,2,0.0,9,5,88,4,1.0,1.0,0,5,3,2,5,1,Nulo
236,285,518,2,30,METROPOLITANA,1,4,6,2,0.0,10,5,17,5,1.0,1.0,0,5,3,3,1,2,Nulo
237,287,521,1,64,ARAUCANÍA,2,3,3,2,0.0,1,10,15,4,2.0,2.0,5,5,2,2,3,2,Rechazo
238,288,524,1,53,METROPOLITANA,1,2,6,2,0.0,1,8,18,3,2.0,2.0,6,3,2,1,3,2,Rechazo
239,289,525,1,61,METROPOLITANA,1,4,3,2,0.0,9,8,10,5,2.0,2.0,5,0,2,2,3,2,Rechazo
240,291,529,2,60,VALPARAÍSO,1,4,1,2,0.0,1,5,15,5,1.0,1.0,3,4,2,3,1,2,Nulo
241,292,530,1,75,VALPARAÍSO,1,3,8,2,0.0,8,1,3,1,1.0,1.0,5,10,3,1,1,1,Apruebo
242,293,534,2,68,METROPOLITANA,1,2,8,2,0.0,1,10,18,2,2.0,2.0,8,1,2,2,3,2,Rechazo
243,294,536,1,43,METROPOLITANA,1,3,8,1,5.0,1,1,9,4,1.0,1.0,3,5,2,1,9,1,Apruebo
244,295,537,2,49,METROPOLITANA,1,3,4,2,0.0,9,3,15,3,1.0,1.0,0,2,2,1,3,1,Apruebo
245,296,538,2,47,METROPOLITANA,1,3,4,2,0.0,2,88,15,4,1.0,1.0,88,88,2,3,14,1,Rechazo
246,297,539,2,75,LIBERTADOR BERNARDO OHIGGINS,1,2,8,2,0.0,9,5,99,2,2.0,2.0,5,5,2,1,13,1,Apruebo
247,298,540,1,67,LOS RÍOS,2,3,1,2,0.0,2,10,10,3,2.0,3.0,4,2,2,1,10,2,Rechazo
248,299,541,2,25,LOS RÍOS,2,3,6,1,5.0,9,5,15,5,1.0,1.0,5,5,3,9,3,1,Apruebo
249,300,542,2,57,LOS RÍOS,2,2,3,2,0.0,1,5,10,5,2.0,2.0,4,4,2,1,5,2,Rechazo
250,302,545,1,60,METROPOLITANA,1,3,4,2,0.0,9,5,15,5,1.0,1.0,0,0,2,1,11,1,Rechazo
251,303,548,2,69,LOS RÍOS,2,3,2,2,0.0,1,5,88,5,1.0,2.0,5,88,3,2,7,2,Nulo
252,304,549,2,51,LOS RÍOS,2,3,4,2,0.0,9,1,15,1,1.0,1.0,0,5,3,1,17,1,Apruebo
253,305,550,1,25,LOS RÍOS,2,2,6,2,0.0,9,5,9,3,1.0,1.0,5,5,3,2,8,2,Apruebo.
254,306,551,1,52,METROPOLITANA,1,1,9,2,0.0,10,1,11,2,1.0,1.0,5,10,3,1,5,1,Apruebo
255,308,554,1,60,METROPOLITANA,1,1,9,2,0.0,11,7,2,2,2.0,2.0,6,3,2,2,3,2,Rechazo
256,309,555,2,78,METROPOLITANA,1,1,4,2,0.0,9,5,15,1,3.0,2.0,5,5,2,1,5,2,Apruebo
257,310,556,2,39,LOS RÍOS,1,3,6,2,0.0,2,5,15,5,2.0,2.0,99,99,2,2,1,2,Rechazo
258,311,558,2,76,METROPOLITANA,1,3,4,2,0.0,1,88,15,5,1.0,2.0,0,5,3,3,14,8,Rechazo
259,313,563,2,40,LOS RÍOS,1,3,4,2,0.0,1,4,1,4,1.0,2.0,5,5,2,2,6,2,Apruebo
260,314,565,1,72,VALPARAÍSO,1,3,4,2,0.0,1,5,15,2,2.0,2.0,88,6,2,2,3,2,Apruebo
261,315,567,2,65,VALPARAÍSO,1,4,1,2,0.0,9,99,15,4,1.0,2.0,5,5,1,2,3,2,Nulo
262,316,572,2,29,LOS RÍOS,1,3,7,1,5.0,2,5,15,5,2.0,2.0,5,5,2,1,1,2,Apruebo
263,317,574,2,20,LOS RÍOS,1,3,4,1,5.0,2,5,15,3,2.0,2.0,5,5,3,1,1,2,Apruebo
264,319,579,2,56,ANTOFAGASTA,1,4,3,2,0.0,9,6,15,5,3.0,3.0,5,5,2,1,11,3,Apruebo
265,322,583,1,45,METROPOLITANA,1,1,8,2,0.0,1,8,10,2,2.0,2.0,6,6,2,2,3,2,Apruebo
266,323,584,2,38,ANTOFAGASTA,1,4,4,2,0.0,9,5,15,5,3.0,1.0,5,5,2,3,1,2,Nulo
267,324,585,1,70,LIBERTADOR BERNARDO OHIGGINS,1,3,7,2,0.0,1,6,15,5,2.0,2.0,5,5,1,3,9,2,Apruebo
268,325,590,2,66,METROPOLITANA,1,1,6,2,0.0,1,6,15,5,2.0,2.0,8,5,2,3,1,2,Nulo
269,326,591,2,57,LOS LAGOS,1,3,4,2,0.0,2,99,18,4,2.0,2.0,5,0,2,2,3,2,Rechazo
270,327,592,2,59,ANTOFAGASTA,1,3,4,2,0.0,9,5,15,4,3.0,1.0,5,5,3,2,1,1,Nulo
271,328,594,1,39,METROPOLITANA,1,3,7,2,0.0,2,7,15,3,2.0,2.0,5,0,1,1,6,2,Rechazo
272,329,596,1,69,METROPOLITANA,1,2,7,2,0.0,8,5,2,5,2.0,2.0,3,3,2,2,3,2,Apruebo
273,331,598,2,29,METROPOLITANA,1,2,6,2,0.0,1,3,9,3,1.0,1.0,1,9,3,1,3,1,Apruebo
274,332,599,2,42,METROPOLITANA,1,3,8,2,0.0,9,3,9,3,1.0,1.0,5,7,3,1,16,1,Apruebo
275,333,600,2,50,METROPOLITANA,1,2,7,2,0.0,1,5,15,2,1.0,1.0,0,5,2,1,9,1,Apruebo
276,334,602,2,50,ARAUCANÍA,1,4,3,2,0.0,9,99,15,4,2.0,1.0,5,5,2,2,10,2,Rechazo
277,335,604,1,54,ÑUBLE,2,3,6,2,0.0,1,8,18,3,2.0,1.0,7,3,3,2,3,2,Rechazo
278,336,605,2,47,ÑUBLE,2,3,4,2,0.0,9,5,15,5,1.0,2.0,5,5,2,1,3,2,Rechazo
279,340,611,2,41,AYSÉN,1,3,8,2,0.0,1,5,15,3,2.0,2.0,5,5,2,1,3,2,Apruebo
280,341,612,2,26,METROPOLITANA,1,3,4,2,0.0,1,99,15,3,1.0,1.0,5,5,3,1,6,1,Apruebo
281,342,613,1,48,METROPOLITANA,1,4,2,2,0.0,1,3,3,4,1.0,1.0,2,7,3,1,1,2,Apruebo.
282,343,614,2,57,METROPOLITANA,1,3,6,2,0.0,8,9,10,2,2.0,2.0,5,1,2,9,9,2,Apruebo
283,344,615,2,55,METROPOLITANA,1,2,6,2,0.0,9,5,15,4,1.0,2.0,5,5,3,1,3,2,Apruebo.
284,345,616,1,26,METROPOLITANA,1,3,6,2,0.0,9,5,17,2,1.0,1.0,0,0,2,1,17,2,Nulo
285,348,624,2,28,METROPOLITANA,1,3,8,2,0.0,9,5,15,5,1.0,1.0,5,5,2,1,1,2,Nulo
286,349,627,1,57,VALPARAÍSO,1,3,6,2,0.0,9,3,15,1,1.0,1.0,0,2,3,3,9,2,Apruebo
287,350,628,2,79,VALPARAÍSO,1,4,3,2,0.0,9,5,15,5,1.0,2.0,5,5,2,1,4,2,Nulo
288,351,629,2,32,VALPARAÍSO,1,3,4,2,0.0,1,5,15,4,1.0,1.0,5,5,3,1,10,1,Apruebo
289,354,632,2,26,LIBERTADOR BERNARDO OHIGGINS,1,3,4,2,0.0,9,6,15,3,1.0,1.0,5,5,2,8,13,1,Apruebo
290,356,635,2,48,LIBERTADOR BERNARDO OHIGGINS,1,3,4,2,0.0,1,6,15,5,1.0,2.0,5,5,2,2,26,2,Apruebo
291,357,637,2,49,METROPOLITANA,1,4,3,2,0.0,1,5,15,4,1.0,2.0,5,1,3,3,3,2,Apruebo
292,358,639,1,20,METROPOLITANA,1,3,7,2,0.0,9,7,88,3,2.0,2.0,5,5,2,2,1,2,Rechazo
293,359,640,2,66,VALPARAÍSO,2,4,1,2,0.0,1,88,15,5,3.0,2.0,4,4,1,3,1,2,Nulo
294,362,644,2,28,VALPARAÍSO,2,2,8,2,0.0,1,5,15,4,1.0,1.0,5,5,2,1,6,1,Apruebo
295,364,647,2,59,VALPARAÍSO,2,2,3,2,0.0,1,3,15,2,1.0,1.0,0,9,3,1,8,1,Apruebo
296,365,649,1,44,METROPOLITANA,1,2,8,2,0.0,1,6,15,2,2.0,2.0,5,4,2,2,3,2,Apruebo
297,366,651,1,66,METROPOLITANA,1,2,2,2,0.0,2,99,15,5,1.0,2.0,88,88,1,1,1,2,Rechazo
298,367,652,1,65,METROPOLITANA,1,2,2,2,0.0,2,8,15,5,2.0,2.0,6,0,1,2,3,2,Rechazo
299,368,655,1,41,METROPOLITANA,1,2,8,2,0.0,9,3,15,1,1.0,1.0,3,8,3,1,27,1,Apruebo
300,369,659,2,21,METROPOLITANA,1,3,7,1,5.0,1,3,15,2,1.0,1.0,4,5,3,1,10,1,Apruebo
301,370,664,1,40,METROPOLITANA,1,3,3,1,5.0,2,9,9,1,2.0,2.0,10,0,2,3,26,2,Rechazo
302,371,666,2,42,METROPOLITANA,1,3,4,2,0.0,1,10,10,4,2.0,1.0,10,0,1,3,9,2,Rechazo
303,372,667,2,77,ARAUCANÍA,1,3,1,2,0.0,2,99,15,5,2.0,2.0,10,1,3,1,10,2,Rechazo
304,373,668,1,60,ARAUCANÍA,1,3,3,2,0.0,99,5,14,2,1.0,1.0,4,5,2,1,10,1,Apruebo
305,374,669,2,47,METROPOLITANA,1,3,2,2,0.0,1,88,15,4,1.0,2.0,5,5,2,3,10,1,Nulo
306,375,670,2,31,ARAUCANÍA,1,3,8,2,0.0,99,99,15,5,1.0,1.0,5,5,3,8,26,1,Apruebo
307,376,671,2,54,METROPOLITANA,1,3,1,2,0.0,9,88,15,5,2.0,1.0,10,0,1,1,26,2,Rechazo
308,377,675,2,25,VALPARAÍSO,1,4,3,2,0.0,1,6,20,4,1.0,2.0,5,5,2,3,5,2,Apruebo
309,378,676,2,49,LIBERTADOR BERNARDO OHIGGINS,1,3,4,2,0.0,1,5,15,3,1.0,2.0,5,5,3,2,3,3,Apruebo
310,379,680,2,49,MAGALLANES,1,3,5,2,0.0,1,7,15,3,1.0,2.0,5,5,2,1,14,2,Apruebo
311,380,681,1,21,METROPOLITANA,2,3,7,2,0.0,9,5,15,4,2.0,2.0,6,4,2,2,10,2,Nulo
312,382,683,2,35,METROPOLITANA,2,2,8,2,0.0,1,88,15,3,2.0,2.0,5,5,2,2,9,2,Apruebo.
313,383,686,1,27,METROPOLITANA,2,3,8,2,0.0,2,10,18,3,2.0,2.0,6,0,2,1,3,2,Rechazo
314,384,687,2,23,METROPOLITANA,1,2,7,2,0.0,9,3,16,1,1.0,1.0,3,9,3,1,16,1,Apruebo
315,385,688,1,35,METROPOLITANA,1,1,8,2,0.0,9,6,13,3,1.0,1.0,5,5,3,2,11,2,Apruebo
316,386,689,2,28,METROPOLITANA,1,2,8,2,0.0,9,7,2,2,2.0,2.0,6,5,3,1,17,3,Rechazo
317,387,690,2,66,METROPOLITANA,1,3,4,2,0.0,1,6,15,5,1.0,1.0,0,0,3,3,13,1,Nulo
318,388,691,1,64,ARAUCANÍA,1,3,1,2,0.0,1,8,15,3,2.0,2.0,5,0,1,1,11,2,Rechazo
319,390,696,1,23,ARAUCANÍA,2,3,6,2,0.0,99,5,15,4,1.0,2.0,5,5,3,1,2,3,Nulo
320,391,698,2,21,LIBERTADOR BERNARDO OHIGGINS,1,3,4,2,0.0,9,3,15,3,1.0,1.0,5,5,3,1,5,1,Apruebo
321,392,701,2,68,ÑUBLE,2,3,1,2,0.0,2,6,15,5,3.0,3.0,5,5,1,3,1,2,Rechazo
322,393,702,1,27,ÑUBLE,2,3,4,2,0.0,9,5,5,2,1.0,1.0,2,5,2,1,3,1,Apruebo
323,394,703,1,21,ÑUBLE,2,3,6,2,0.0,9,1,88,4,2.0,2.0,5,5,3,1,14,2,Apruebo
324,395,707,1,65,ARAUCANÍA,2,3,4,2,0.0,1,99,15,5,2.0,2.0,7,6,3,1,9,2,Nulo
325,396,708,1,50,METROPOLITANA,1,3,4,1,5.0,1,5,15,2,1.0,2.0,5,0,2,3,6,2,Apruebo
326,398,712,2,54,LIBERTADOR BERNARDO OHIGGINS,1,3,8,2,0.0,9,3,15,3,1.0,1.0,5,5,2,1,1,2,Apruebo
327,399,715,1,44,TARAPACÁ,1,2,6,2,0.0,1,8,15,4,2.0,2.0,5,5,1,2,3,2,Nulo.
328,400,716,2,53,TARAPACÁ,1,2,6,2,0.0,2,5,15,5,2.0,2.0,5,5,2,2,3,2,Nulo
329,401,717,1,80,METROPOLITANA,1,4,2,2,0.0,99,7,15,5,1.0,2.0,5,5,1,9,1,2,Rechazo
330,402,719,2,19,METROPOLITANA,1,3,4,2,0.0,1,1,15,4,1.0,1.0,5,10,2,3,26,1,Nulo
331,403,720,2,37,VALPARAÍSO,1,3,6,2,0.0,1,99,16,2,1.0,1.0,5,5,3,1,12,1,Apruebo
332,404,721,2,20,VALPARAÍSO,1,3,4,2,0.0,10,5,15,5,1.0,1.0,5,5,3,1,16,2,Apruebo
333,406,728,1,67,METROPOLITANA,1,3,3,2,0.0,2,5,13,5,2.0,2.0,7,0,2,1,3,2,Rechazo
334,407,731,2,61,METROPOLITANA,1,2,4,2,0.0,2,5,15,3,1.0,1.0,0,5,2,1,26,1,Rechazo
335,409,733,1,78,METROPOLITANA,1,3,2,2,0.0,2,5,15,3,1.0,2.0,5,5,1,3,1,1,Rechazo
336,410,734,2,53,MAGALLANES,1,3,4,2,0.0,9,5,15,5,3.0,2.0,4,4,2,3,1,2,Apruebo
337,411,736,1,43,ARICA Y PARINACOTA,1,4,3,2,0.0,1,5,10,5,3.0,2.0,3,3,1,2,2,2,Rechazo
338,412,739,2,45,MAGALLANES,1,3,5,2,0.0,2,10,18,3,2.0,2.0,5,0,1,1,5,2,Rechazo
339,413,740,2,50,METROPOLITANA,1,4,2,1,9.0,2,88,88,5,1.0,2.0,88,88,2,2,9,2,Apruebo
340,414,741,2,28,METROPOLITANA,1,3,5,2,0.0,9,5,15,3,1.0,1.0,3,4,3,1,13,1,Apruebo
341,415,742,1,40,MAGALLANES,1,3,4,2,0.0,2,7,17,2,2.0,2.0,5,0,2,1,3,2,Rechazo
342,416,743,1,56,BIOBÍO,1,3,4,2,0.0,99,5,15,5,1.0,2.0,5,5,2,3,1,2,Apruebo
343,417,744,2,63,BIOBÍO,2,3,4,2,0.0,1,4,15,5,3.0,2.0,5,5,2,2,1,2,Apruebo
344,419,748,1,48,BIOBÍO,2,4,4,2,0.0,9,5,15,5,1.0,1.0,5,5,1,1,10,2,Apruebo
345,420,749,1,56,BIOBÍO,2,3,2,2,0.0,2,6,15,5,1.0,3.0,5,5,2,2,17,1,Rechazo
346,423,755,2,76,LIBERTADOR BERNARDO OHIGGINS,2,4,1,2,0.0,1,5,15,5,1.0,1.0,5,5,1,1,1,1,Rechazo
347,426,759,1,74,METROPOLITANA,1,3,0,2,0.0,9,88,15,5,1.0,1.0,0,5,2,1,12,1,Rechazo
348,427,763,1,54,METROPOLITANA,1,3,3,1,5.0,2,1,15,5,2.0,2.0,5,0,2,2,9,2,Nulo
349,428,764,1,49,METROPOLITANA,1,4,6,2,0.0,9,5,21,1,1.0,1.0,0,0,3,1,2,1,Apruebo
350,429,766,1,37,METROPOLITANA,1,4,2,2,0.0,9,4,13,4,3.0,2.0,5,5,1,2,9,2,Rechazo
351,430,768,2,67,METROPOLITANA,1,4,2,2,0.0,2,99,15,5,2.0,2.0,5,5,2,1,3,2,Rechazo
352,431,772,2,62,VALPARAÍSO,1,3,3,2,0.0,9,5,15,5,1.0,1.0,5,5,2,1,9,2,Nulo
353,432,775,1,22,VALPARAÍSO,1,3,4,2,0.0,5,8,15,2,2.0,2.0,5,5,2,2,3,2,Rechazo
354,433,777,2,39,ARAUCANÍA,2,4,4,1,5.0,99,99,15,4,1.0,1.0,5,5,2,1,1,2,Apruebo
355,434,778,2,50,ARAUCANÍA,2,3,4,2,0.0,99,10,15,5,2.0,2.0,10,0,2,2,11,2,Rechazo
356,436,780,2,21,MAULE,1,3,3,2,0.0,9,6,17,5,1.0,1.0,3,4,3,3,3,1,Nulo
357,437,783,2,48,MAULE,1,3,3,2,0.0,1,5,19,5,3.0,2.0,5,5,2,2,9,2,Apruebo
358,439,785,1,92,VALPARAÍSO,1,3,1,2,0.0,1,5,15,5,1.0,2.0,5,5,2,2,2,2,Nulo
359,441,788,1,28,MAULE,1,3,4,2,0.0,9,8,18,3,2.0,2.0,8,0,3,2,3,2,Rechazo
360,442,789,1,72,MAULE,1,2,4,2,0.0,1,3,9,3,1.0,2.0,5,5,2,2,9,1,Apruebo
361,443,790,2,28,MAULE,1,3,6,2,0.0,1,6,17,1,1.0,1.0,5,5,3,2,3,1,Apruebo
362,445,792,2,43,LOS RÍOS,1,3,4,2,0.0,1,7,15,3,2.0,2.0,5,0,2,1,3,2,Rechazo
363,446,793,2,59,LOS RÍOS,1,3,2,2,0.0,2,88,19,5,2.0,2.0,5,5,1,3,9,2,Apruebo
364,447,796,2,32,METROPOLITANA,1,3,6,2,0.0,9,5,15,3,1.0,1.0,5,5,2,2,11,3,Apruebo
365,448,797,2,26,METROPOLITANA,1,4,5,2,0.0,9,99,15,3,1.0,1.0,99,99,3,1,1,1,Apruebo
366,449,800,1,57,METROPOLITANA,1,2,3,2,0.0,1,10,15,4,3.0,2.0,5,9,3,3,9,1,Rechazo
367,450,801,1,48,METROPOLITANA,1,1,5,2,0.0,1,5,15,3,2.0,2.0,5,5,2,1,14,2,Apruebo
368,451,802,1,30,METROPOLITANA,1,4,2,2,0.0,9,3,15,5,1.0,1.0,0,10,2,1,2,1,Apruebo
369,452,803,1,65,COQUIMBO,1,3,3,2,0.0,1,5,3,4,1.0,1.0,1,8,2,1,1,1,Rechazo
370,453,805,2,49,ÑUBLE,1,3,4,2,0.0,1,5,15,4,1.0,3.0,5,7,1,1,3,2,Apruebo
371,454,806,1,67,ÑUBLE,1,4,2,2,0.0,2,4,15,4,1.0,2.0,0,9,1,3,3,2,Rechazo
372,455,807,1,19,ÑUBLE,1,4,4,2,0.0,1,8,15,3,2.0,2.0,10,5,2,3,3,2,Rechazo
373,456,808,1,54,ÑUBLE,1,4,1,2,0.0,9,5,15,5,2.0,1.0,5,5,3,3,2,2,Nulo
374,457,810,1,46,BIOBÍO,1,3,4,2,0.0,2,6,17,3,2.0,2.0,5,0,2,1,3,2,Rechazo
375,458,811,2,54,BIOBÍO,1,3,1,2,0.0,1,1,3,4,1.0,1.0,5,8,3,1,10,2,Apruebo
376,460,814,2,22,BIOBÍO,1,3,5,2,0.0,2,8,15,3,1.0,1.0,5,4,2,1,3,2,Rechazo
377,461,815,2,55,LOS RÍOS,1,3,2,2,0.0,1,4,99,5,3.0,2.0,1,5,2,2,3,2,Apruebo
378,462,817,1,75,MAULE,1,3,3,2,0.0,1,1,3,3,1.0,1.0,4,4,2,1,9,1,Apruebo
379,464,821,2,64,METROPOLITANA,1,3,1,2,0.0,1,1,15,5,3.0,2.0,8,0,1,8,9,2,Apruebo
380,465,825,2,58,VALPARAÍSO,1,3,4,2,0.0,1,4,15,5,1.0,2.0,4,5,3,3,3,2,Apruebo
381,466,826,2,50,ARAUCANÍA,1,2,1,2,0.0,1,99,15,3,2.0,2.0,0,0,3,1,88,2,Apruebo
382,467,827,2,48,METROPOLITANA,1,3,7,2,0.0,1,5,9,3,1.0,2.0,5,5,1,2,3,2,Apruebo
383,468,828,1,42,VALPARAÍSO,1,2,7,2,0.0,1,7,18,2,2.0,2.0,6,0,2,2,3,2,Rechazo
384,470,831,1,80,MAULE,1,3,1,2,0.0,9,5,1,4,1.0,2.0,5,1,2,3,1,1,Rechazo
385,471,832,1,32,ARAUCANÍA,1,2,8,1,5.0,9,4,15,2,1.0,1.0,0,5,3,1,1,1,Apruebo
386,472,834,1,54,ARAUCANÍA,1,3,4,1,5.0,2,99,15,5,1.0,2.0,88,88,2,3,5,2,Rechazo
387,473,835,1,69,MAULE,1,3,4,8,0.0,8,99,15,5,1.0,2.0,5,5,2,1,1,2,Apruebo
388,474,838,1,30,LOS LAGOS,1,3,7,1,5.0,9,3,16,1,1.0,1.0,2,7,3,1,1,1,Apruebo
389,475,839,2,69,LOS LAGOS,1,3,4,2,0.0,1,5,10,5,2.0,2.0,5,0,2,3,6,2,Apruebo
390,476,840,1,40,COQUIMBO,1,2,4,2,0.0,1,4,15,4,1.0,1.0,4,4,3,1,1,3,Nulo
391,477,842,2,72,LOS LAGOS,1,3,8,2,0.0,1,4,1,3,1.0,1.0,4,6,1,1,7,1,Apruebo
392,478,845,1,30,LOS LAGOS,1,3,10,1,11.0,9,4,15,2,1.0,1.0,0,5,3,1,2,1,Apruebo
393,479,847,2,38,ANTOFAGASTA,1,4,4,2,0.0,1,6,15,4,1.0,1.0,5,5,2,1,1,1,Nulo
394,480,848,2,48,ANTOFAGASTA,1,5,4,2,0.0,9,4,15,3,3.0,3.0,3,3,1,2,3,2,Apruebo
395,482,850,1,25,ANTOFAGASTA,1,4,5,2,0.0,9,4,15,4,1.0,1.0,0,0,3,1,8,1,Apruebo
396,483,851,2,54,ANTOFAGASTA,1,4,2,2,0.0,2,5,21,5,1.0,2.0,5,8,1,2,6,2,Rechazo
397,485,853,1,30,METROPOLITANA,1,3,7,2,0.0,9,2,11,1,1.0,1.0,0,5,3,1,16,1,Apruebo
398,486,854,2,37,METROPOLITANA,1,2,6,2,0.0,9,10,10,4,2.0,2.0,5,0,2,2,1,2,Rechazo
399,488,856,2,69,LOS LAGOS,1,3,8,2,0.0,1,5,1,3,1.0,1.0,5,7,3,1,1,1,Apruebo
400,489,857,2,66,LOS LAGOS,1,3,6,2,0.0,1,6,10,5,2.0,2.0,3,2,3,2,1,8,Rechazo
401,490,859,2,56,ÑUBLE,1,3,2,2,0.0,9,88,15,5,2.0,2.0,88,5,1,3,1,2,Nulo
402,492,865,1,49,LIBERTADOR BERNARDO OHIGGINS,2,3,1,2,0.0,2,5,15,5,1.0,2.0,5,5,2,3,5,2,Nulo
403,493,868,1,38,LIBERTADOR BERNARDO OHIGGINS,2,3,6,2,0.0,9,5,15,2,1.0,1.0,0,2,3,2,16,2,Apruebo
404,494,869,1,60,MAULE,1,4,2,2,0.0,2,10,1,3,2.0,2.0,9,5,1,3,3,2,Rechazo
405,495,871,2,71,ÑUBLE,1,4,1,2,0.0,1,88,88,5,1.0,2.0,3,5,1,8,1,2,Apruebo
406,496,873,1,71,LIBERTADOR BERNARDO OHIGGINS,2,3,1,2,0.0,2,4,3,2,1.0,1.0,3,5,1,1,1,1,Apruebo
407,499,879,2,69,ARAUCANÍA,1,3,1,1,5.0,99,5,15,4,1.0,2.0,5,88,2,1,2,1,Apruebo
408,500,880,1,28,ARAUCANÍA,1,3,7,2,0.0,2,99,15,3,1.0,2.0,88,88,2,1,3,1,Apruebo
409,501,882,1,77,MAULE,2,4,1,2,0.0,2,10,1,4,2.0,2.0,10,10,2,1,10,1,Rechazo
410,502,883,2,77,MAULE,2,3,1,2,0.0,1,3,13,5,2.0,2.0,4,8,2,3,7,2,Rechazo
411,503,885,1,74,METROPOLITANA,1,3,4,2,0.0,2,3,9,3,1.0,1.0,5,5,2,2,3,1,Apruebo
412,504,886,2,63,METROPOLITANA,1,3,3,2,0.0,1,7,15,5,2.0,2.0,4,8,3,3,1,2,Rechazo
413,505,888,2,29,VALPARAÍSO,1,2,7,2,0.0,1,5,15,4,1.0,2.0,4,4,3,2,5,2,Nulo.
414,506,889,1,56,VALPARAÍSO,1,2,1,2,0.0,2,10,15,3,2.0,2.0,5,0,1,1,3,2,Rechazo
415,507,890,2,73,VALPARAÍSO,1,4,1,2,0.0,1,3,15,5,1.0,1.0,88,88,2,1,14,1,Apruebo
416,509,892,1,64,METROPOLITANA,1,3,8,2,0.0,1,3,9,5,1.0,1.0,5,7,3,1,1,1,Apruebo
417,510,893,2,32,METROPOLITANA,1,2,8,2,0.0,9,5,9,5,1.0,1.0,5,5,2,1,3,2,Apruebo
418,511,894,1,59,METROPOLITANA,1,3,4,2,0.0,1,5,1,3,1.0,1.0,5,5,2,1,13,2,Apruebo
419,512,895,1,62,VALPARAÍSO,1,3,2,2,0.0,1,6,15,3,3.0,1.0,7,4,2,1,5,1,Apruebo
420,514,899,1,43,METROPOLITANA,1,3,6,2,0.0,1,6,15,3,2.0,2.0,5,5,2,1,26,2,Apruebo
421,515,900,2,73,MAULE,2,3,4,2,0.0,5,10,10,4,2.0,2.0,5,5,2,2,14,3,Rechazo
422,516,904,2,59,MAULE,2,3,1,2,0.0,1,4,15,4,1.0,1.0,5,5,1,3,3,2,Apruebo
423,517,905,1,60,METROPOLITANA,1,3,5,2,0.0,8,1,15,4,1.0,1.0,0,5,3,1,14,1,Apruebo
424,518,909,1,28,METROPOLITANA,1,3,8,2,0.0,8,6,1,3,1.0,1.0,5,5,3,2,17,1,Apruebo
425,519,911,1,33,METROPOLITANA,1,3,8,2,0.0,9,3,15,3,1.0,1.0,5,5,2,1,5,1,Apruebo
426,520,913,1,53,METROPOLITANA,1,3,8,2,0.0,1,6,15,3,2.0,2.0,5,3,2,1,5,2,Apruebo
427,521,915,2,33,METROPOLITANA,1,2,7,2,0.0,9,8,15,3,2.0,2.0,7,4,2,1,3,2,Rechazo
428,522,918,2,42,MAGALLANES,1,3,8,2,0.0,1,10,15,3,2.0,2.0,7,3,1,1,14,2,Rechazo
429,523,920,2,68,METROPOLITANA,1,4,3,2,0.0,8,5,15,5,2.0,2.0,5,0,2,1,9,2,Apruebo
430,524,921,2,61,METROPOLITANA,1,1,8,2,0.0,1,9,13,1,2.0,2.0,10,3,1,2,3,2,Rechazo
431,525,922,1,20,METROPOLITANA,1,1,7,2,0.0,1,6,15,3,2.0,2.0,5,5,2,1,5,2,Apruebo
432,526,923,2,54,METROPOLITANA,1,4,2,2,0.0,9,5,17,5,1.0,1.0,0,5,2,3,11,1,Nulo
433,527,925,2,35,ÑUBLE,1,4,4,2,0.0,2,4,15,4,1.0,2.0,5,5,1,1,6,1,Apruebo
434,530,929,2,36,ÑUBLE,1,4,6,2,0.0,1,10,15,5,2.0,2.0,0,0,1,1,26,2,Rechazo
435,531,930,2,25,MAULE,1,4,4,2,0.0,2,8,10,3,2.0,2.0,8,3,2,2,6,2,Rechazo
436,532,931,2,32,MAULE,1,4,6,2,0.0,9,88,15,4,2.0,2.0,5,5,2,1,6,2,Nulo
437,533,932,2,33,ARAUCANÍA,1,3,9,2,0.0,9,7,15,5,2.0,2.0,5,5,3,2,17,3,Rechazo
438,534,933,2,76,COQUIMBO,1,1,8,2,0.0,1,3,15,3,1.0,1.0,0,5,3,1,1,1,Apruebo
439,535,937,2,58,BIOBÍO,1,3,1,2,0.0,1,99,15,3,2.0,2.0,4,4,2,2,3,2,Rechazo
440,536,938,2,52,BIOBÍO,1,3,8,1,5.0,99,7,15,4,2.0,2.0,5,5,2,2,3,2,Rechazo
441,537,941,2,50,MAULE,1,4,1,2,0.0,2,5,15,5,2.0,2.0,6,3,1,2,3,2,Rechazo
442,538,942,2,21,METROPOLITANA,1,2,4,2,0.0,11,3,3,1,1.0,1.0,4,6,3,1,1,1,Apruebo
443,539,943,1,66,METROPOLITANA,1,2,7,2,0.0,9,1,15,1,1.0,1.0,0,6,3,1,2,1,Apruebo
444,540,944,1,55,METROPOLITANA,1,1,8,2,0.0,1,4,15,1,1.0,1.0,4,6,3,1,13,1,Apruebo
445,541,945,1,24,METROPOLITANA,1,3,4,2,0.0,9,4,15,4,1.0,1.0,0,0,3,2,3,1,Nulo
446,543,947,2,28,METROPOLITANA,1,2,8,2,0.0,9,4,15,2,1.0,1.0,3,6,3,1,3,1,Apruebo
447,545,950,2,42,BIOBÍO,1,3,4,2,0.0,99,99,15,4,1.0,1.0,6,3,3,1,1,3,Nulo
448,547,953,2,57,BIOBÍO,1,3,4,2,0.0,99,5,15,2,2.0,1.0,5,5,3,2,3,1,Apruebo
449,549,955,1,71,METROPOLITANA,1,3,6,2,0.0,1,5,15,4,1.0,1.0,6,5,3,1,3,1,Rechazo
450,550,956,1,41,METROPOLITANA,1,1,8,2,0.0,8,5,15,3,2.0,2.0,0,0,2,2,9,2,Apruebo
451,551,957,1,65,ARICA Y PARINACOTA,1,4,1,2,0.0,1,5,14,1,1.0,2.0,5,5,1,1,13,2,Rechazo
452,553,960,2,81,BIOBÍO,1,4,1,2,0.0,2,99,15,5,1.0,1.0,7,7,1,3,3,1,Rechazo
453,555,967,2,31,COQUIMBO,2,3,6,2,0.0,1,5,5,3,1.0,2.0,5,5,3,1,9,2,Apruebo
454,556,968,2,60,COQUIMBO,2,3,1,2,0.0,1,99,15,5,1.0,2.0,7,8,3,3,10,2,Nulo
455,557,969,2,29,BIOBÍO,1,3,8,2,0.0,99,3,15,2,1.0,1.0,0,9,3,1,1,1,Apruebo
456,558,971,2,81,VALPARAÍSO,1,4,1,2,0.0,1,88,15,5,1.0,3.0,5,5,2,3,7,8,Apruebo
457,559,972,1,70,VALPARAÍSO,1,3,4,2,0.0,9,3,15,3,1.0,1.0,5,5,3,1,3,1,Apruebo
458,562,976,2,55,METROPOLITANA,1,2,8,2,0.0,1,1,15,3,1.0,1.0,0,5,2,1,27,1,Apruebo
459,563,977,1,32,METROPOLITANA,1,2,6,2,0.0,9,5,15,3,1.0,2.0,2,2,2,3,3,2,Apruebo
460,565,979,2,34,METROPOLITANA,1,3,10,2,0.0,9,1,3,3,1.0,1.0,5,5,3,1,3,1,Apruebo
461,566,980,2,52,BIOBÍO,1,2,7,2,0.0,9,5,15,5,1.0,1.0,4,7,3,1,7,1,Nulo
462,567,982,2,47,COQUIMBO,1,2,4,2,0.0,1,3,1,4,1.0,1.0,0,5,1,3,10,3,Apruebo
463,568,984,1,44,METROPOLITANA,1,2,8,2,0.0,1,10,18,1,2.0,2.0,6,0,3,2,3,2,Rechazo
464,569,985,2,32,METROPOLITANA,1,4,4,2,0.0,9,99,15,2,1.0,2.0,99,99,3,2,9,1,Apruebo
465,570,987,2,51,METROPOLITANA,1,4,3,2,0.0,9,1,3,3,1.0,1.0,0,10,2,1,2,1,Apruebo
466,572,989,2,27,METROPOLITANA,1,3,4,2,0.0,1,6,13,3,2.0,2.0,5,5,3,2,1,2,Rechazo
467,573,993,1,56,METROPOLITANA,1,3,6,2,0.0,1,4,15,2,1.0,1.0,0,2,3,1,27,1,Apruebo
468,574,994,2,35,METROPOLITANA,1,3,2,2,0.0,2,99,15,5,3.0,2.0,1,2,1,3,3,2,Rechazo
469,575,997,1,72,METROPOLITANA,1,4,2,8,0.0,2,1,15,5,2.0,2.0,0,0,1,9,17,2,Rechazo
470,576,998,1,64,METROPOLITANA,1,4,1,2,0.0,9,8,15,5,2.0,2.0,5,0,1,3,9,2,Rechazo
471,578,1000,1,35,METROPOLITANA,1,3,7,2,0.0,1,1,9,1,1.0,1.0,0,8,3,1,5,1,Apruebo
472,581,1004,2,47,LIBERTADOR BERNARDO OHIGGINS,1,3,8,2,0.0,1,1,15,1,1.0,1.0,0,8,3,1,2,1,Apruebo
473,582,1006,2,25,METROPOLITANA,1,3,8,2,0.0,1,5,15,4,1.0,1.0,4,5,3,1,10,1,Apruebo
474,583,1008,2,47,LIBERTADOR BERNARDO OHIGGINS,1,3,5,2,0.0,2,5,15,4,2.0,2.0,5,5,1,2,10,2,Rechazo
475,584,1009,2,33,METROPOLITANA,1,4,4,2,0.0,1,5,15,4,1.0,2.0,5,5,2,3,3,3,Apruebo
476,585,1010,2,52,METROPOLITANA,1,4,2,2,0.0,1,10,15,5,2.0,2.0,5,5,3,3,2,2,Rechazo
477,587,1014,2,62,COQUIMBO,1,2,1,2,0.0,9,1,15,5,1.0,1.0,5,5,3,1,5,1,Apruebo
478,588,1016,2,49,COQUIMBO,1,2,4,2,0.0,1,5,15,5,2.0,2.0,99,99,3,2,3,2,Apruebo
479,590,1023,2,33,VALPARAÍSO,1,3,9,2,0.0,99,3,3,1,1.0,1.0,3,4,3,1,4,1,Apruebo
480,591,1024,1,43,VALPARAÍSO,1,3,3,2,0.0,1,5,15,5,1.0,2.0,0,3,3,2,1,2,Nulo
481,593,1026,1,57,VALPARAÍSO,1,3,8,2,0.0,1,88,15,2,1.0,2.0,10,10,2,3,1,2,Apruebo
482,594,1031,2,64,METROPOLITANA,1,2,4,2,0.0,1,5,15,5,1.0,2.0,5,5,3,1,3,2,Rechazo
483,595,1032,1,64,METROPOLITANA,1,2,6,2,0.0,1,10,15,3,2.0,2.0,8,2,2,1,3,2,Rechazo
484,597,1034,2,65,METROPOLITANA,1,3,6,2,0.0,1,5,15,3,1.0,1.0,0,7,3,1,3,2,Apruebo
485,598,1035,1,35,METROPOLITANA,1,3,8,2,0.0,2,6,15,3,2.0,2.0,5,3,2,1,3,2,Rechazo
486,602,1039,1,73,MAGALLANES,1,3,1,2,0.0,1,7,15,5,2.0,1.0,5,5,2,3,1,1,Rechazo
487,603,1041,1,56,MAGALLANES,1,2,4,2,0.0,1,5,18,4,2.0,2.0,5,1,1,3,1,2,Rechazo
488,604,1043,2,21,METROPOLITANA,1,4,4,1,5.0,9,4,17,3,1.0,1.0,0,5,3,1,2,1,Apruebo
489,605,1045,2,65,METROPOLITANA,2,4,3,2,0.0,1,5,15,5,2.0,2.0,5,4,2,3,3,2,Rechazo
490,606,1046,2,30,METROPOLITANA,2,3,4,1,5.0,1,5,15,5,2.0,2.0,5,5,3,1,3,2,Apruebo
491,607,1047,2,82,METROPOLITANA,1,2,10,2,0.0,10,7,1,4,2.0,2.0,8,2,3,1,3,2,Rechazo
492,609,1051,2,32,VALPARAÍSO,1,3,7,2,0.0,1,5,3,4,1.0,1.0,2,6,3,1,3,1,Apruebo
493,610,1053,2,44,METROPOLITANA,1,3,8,1,5.0,1,1,3,1,1.0,1.0,0,10,3,1,3,1,Apruebo
494,611,1054,2,55,METROPOLITANA,1,4,2,2,0.0,1,99,15,5,1.0,2.0,5,5,3,1,3,3,Apruebo
495,612,1056,2,26,METROPOLITANA,1,4,8,2,0.0,9,7,15,4,1.0,2.0,7,3,3,1,2,2,Rechazo
496,613,1057,2,25,COQUIMBO,1,1,5,2,0.0,9,1,15,5,1.0,1.0,0,10,3,3,1,1,Apruebo
497,614,1059,2,49,METROPOLITANA,1,4,3,2,0.0,2,88,15,5,2.0,2.0,5,5,2,1,3,2,Rechazo
498,615,1061,1,20,ARICA Y PARINACOTA,1,4,5,2,0.0,1,5,15,4,1.0,1.0,5,5,2,1,7,2,Nulo
499,616,1063,2,39,METROPOLITANA,1,3,3,2,0.0,1,88,15,3,1.0,2.0,88,88,1,1,2,2,Apruebo
500,620,1068,2,74,VALPARAÍSO,1,4,1,2,0.0,5,88,15,3,2.0,2.0,88,88,1,3,17,3,Rechazo
501,621,1069,2,47,VALPARAÍSO,1,3,4,2,0.0,1,99,15,5,2.0,2.0,6,2,1,2,3,2,Apruebo
502,622,1072,2,33,VALPARAÍSO,1,4,1,2,0.0,9,88,15,5,1.0,2.0,5,7,3,3,5,2,Nulo
503,623,1074,1,44,COQUIMBO,1,2,5,2,0.0,8,3,9,1,1.0,1.0,5,5,2,1,3,3,Apruebo
504,624,1075,2,64,ARAUCANÍA,1,4,3,2,0.0,5,5,15,3,1.0,1.0,5,5,2,1,2,3,Rechazo
505,625,1076,2,58,MAULE,1,4,4,2,0.0,1,1,17,5,2.0,2.0,3,2,2,1,5,2,Apruebo
506,626,1079,2,47,METROPOLITANA,1,4,4,2,0.0,2,3,9,2,1.0,1.0,0,9,3,1,9,1,Apruebo
507,627,1082,2,55,BIOBÍO,2,4,2,1,5.0,2,7,15,5,2.0,2.0,8,8,1,1,3,2,Rechazo
508,628,1084,2,50,BIOBÍO,2,3,3,1,5.0,9,2,9,5,1.0,1.0,4,7,2,1,3,1,Apruebo
509,629,1085,1,42,BIOBÍO,2,3,4,2,0.0,1,9,10,4,2.0,2.0,5,5,1,2,3,2,Rechazo
510,631,1089,2,39,MAULE,1,4,4,1,5.0,2,1,9,4,1.0,1.0,5,7,3,1,1,1,Apruebo
511,633,1094,2,73,COQUIMBO,1,4,1,2,0.0,1,10,15,5,3.0,3.0,5,5,2,2,10,2,Rechazo
512,634,1095,2,23,ANTOFAGASTA,1,4,4,2,0.0,1,6,15,4,3.0,3.0,5,3,1,1,10,2,Nulo
513,636,1098,2,23,ANTOFAGASTA,1,4,4,2,0.0,1,6,15,4,1.0,3.0,5,5,1,2,1,2,Apruebo
514,637,1099,1,56,METROPOLITANA,1,3,6,2,0.0,1,7,17,4,2.0,2.0,5,0,2,2,3,2,Rechazo
515,638,1100,2,44,LOS LAGOS,2,3,8,2,0.0,2,4,3,4,1.0,1.0,2,5,2,3,10,1,Apruebo
516,640,1103,1,55,LOS LAGOS,2,4,2,1,5.0,2,1,1,5,3.0,2.0,0,0,2,1,16,2,Apruebo
517,641,1104,2,48,LOS LAGOS,2,4,1,2,0.0,2,6,9,5,2.0,2.0,7,0,1,2,3,2,Rechazo
518,642,1105,1,40,METROPOLITANA,1,3,4,2,0.0,1,5,15,5,1.0,2.0,99,99,2,2,3,2,Apruebo
519,643,1106,1,34,METROPOLITANA,1,3,4,2,0.0,2,10,15,5,2.0,2.0,0,5,1,3,11,2,Rechazo
520,644,1109,2,33,METROPOLITANA,1,2,8,1,888.0,9,5,9,1,1.0,1.0,0,5,3,1,2,1,Apruebo
521,645,1111,2,73,METROPOLITANA,1,3,1,2,0.0,1,10,15,4,1.0,2.0,5,5,3,3,3,2,Rechazo
522,646,1112,2,35,METROPOLITANA,1,3,3,2,0.0,9,5,15,4,1.0,1.0,0,5,2,3,9,1,Nulo
523,647,1113,2,32,METROPOLITANA,1,3,6,2,0.0,9,88,15,3,1.0,1.0,5,5,2,1,5,1,Apruebo
524,652,1122,1,39,BIOBÍO,1,3,4,2,0.0,9,5,15,4,1.0,1.0,0,88,3,3,3,1,Nulo
525,653,1124,2,31,BIOBÍO,1,3,7,2,0.0,2,99,15,4,1.0,1.0,88,88,1,2,10,2,Rechazo
526,654,1125,2,52,BIOBÍO,1,3,6,2,0.0,1,1,15,4,1.0,1.0,5,5,2,1,3,1,Apruebo
527,655,1127,1,73,BIOBÍO,1,3,6,2,0.0,9,5,1,2,1.0,1.0,0,5,2,1,1,2,Rechazo
528,658,1132,1,70,METROPOLITANA,1,2,6,2,0.0,9,5,15,5,1.0,1.0,5,5,2,1,11,3,Nulo
529,659,1135,2,64,METROPOLITANA,1,2,4,2,0.0,1,5,15,5,3.0,3.0,5,5,3,3,3,3,Apruebo
530,661,1137,1,27,ARICA Y PARINACOTA,1,2,7,1,3.0,8,99,15,5,1.0,1.0,3,3,3,1,2,2,Nulo
531,662,1139,2,76,METROPOLITANA,1,3,8,2,0.0,1,2,9,3,1.0,1.0,5,9,3,1,3,1,Apruebo
532,663,1140,2,30,METROPOLITANA,1,3,6,2,0.0,1,3,15,5,1.0,1.0,2,8,2,3,3,2,Apruebo
533,665,1147,2,19,ARICA Y PARINACOTA,1,3,3,2,0.0,1,99,5,3,1.0,2.0,5,5,3,1,5,1,Apruebo
534,666,1149,2,57,BIOBÍO,1,3,3,1,5.0,8,1,3,2,1.0,1.0,2,2,3,1,3,3,Apruebo
535,667,1153,2,28,TARAPACÁ,1,3,4,2,0.0,9,3,15,3,1.0,1.0,0,3,3,1,10,1,Apruebo
536,668,1154,2,27,TARAPACÁ,1,2,6,1,3.0,9,5,15,3,2.0,2.0,4,4,3,1,3,2,Apruebo
537,669,1155,2,52,METROPOLITANA,1,3,4,2,0.0,1,6,10,4,2.0,2.0,5,5,3,2,1,2,Apruebo
538,670,1160,2,40,METROPOLITANA,1,2,10,2,0.0,9,1,3,1,1.0,1.0,0,9,3,1,16,1,Apruebo
539,671,1161,1,33,VALPARAÍSO,1,4,3,2,0.0,10,99,15,5,1.0,1.0,99,99,1,1,11,1,Apruebo
540,672,1163,1,22,VALPARAÍSO,1,4,7,2,0.0,1,99,15,5,1.0,1.0,0,0,2,3,2,2,Nulo
541,673,1167,1,74,COQUIMBO,2,4,1,2,0.0,1,10,10,3,2.0,2.0,9,0,2,1,2,2,Rechazo
542,675,1173,2,67,BIOBÍO,1,3,4,2,0.0,2,99,15,5,3.0,3.0,88,88,1,3,5,9,Rechazo
543,676,1174,2,67,MAULE,1,3,2,2,0.0,2,8,10,5,2.0,2.0,5,2,1,2,6,2,Rechazo
544,677,1175,2,64,METROPOLITANA,1,3,2,2,0.0,2,88,15,5,1.0,1.0,5,5,1,3,3,2,Rechazo
545,678,1177,2,26,METROPOLITANA,1,3,6,2,0.0,9,4,15,3,1.0,1.0,2,5,3,1,5,1,Apruebo
546,679,1179,2,42,METROPOLITANA,1,3,2,2,0.0,9,88,15,4,3.0,2.0,5,5,3,3,5,2,Nulo
547,680,1183,2,60,BIOBÍO,1,3,4,2,0.0,2,99,15,3,1.0,1.0,5,5,2,3,3,2,Rechazo
548,681,1184,1,70,BIOBÍO,1,3,6,2,0.0,9,3,15,2,1.0,1.0,4,6,2,1,9,1,Apruebo
549,682,1185,1,23,METROPOLITANA,1,3,7,2,0.0,9,5,15,5,1.0,1.0,5,5,3,1,3,1,Nulo
550,683,1190,2,35,BIOBÍO,1,3,4,1,5.0,2,10,15,5,2.0,2.0,10,0,2,1,7,2,Rechazo
551,684,1191,1,27,VALPARAÍSO,1,2,7,2,0.0,8,5,15,3,1.0,1.0,2,3,3,1,5,1,Nulo
552,685,1193,1,56,ARICA Y PARINACOTA,1,3,3,1,3.0,1,10,13,3,2.0,2.0,5,0,2,1,27,2,Rechazo
553,686,1194,2,70,VALPARAÍSO,1,2,6,2,0.0,10,3,88,2,1.0,1.0,2,7,3,1,16,1,Apruebo
554,687,1195,2,44,METROPOLITANA,1,2,8,2,0.0,9,3,16,1,1.0,1.0,4,8,3,1,5,1,Apruebo
555,688,1198,2,28,METROPOLITANA,1,2,8,2,0.0,1,6,15,4,1.0,1.0,5,5,3,1,17,2,Apruebo
556,689,1200,2,68,VALPARAÍSO,1,2,7,2,0.0,1,6,1,4,1.0,2.0,5,0,3,1,1,1,Apruebo
557,690,1203,1,40,ANTOFAGASTA,1,4,4,2,0.0,9,5,15,3,1.0,1.0,9,9,3,1,13,1,Apruebo
558,691,1205,1,19,BIOBÍO,1,2,4,2,0.0,9,99,15,4,1.0,2.0,88,88,2,3,17,3,Apruebo
559,692,1206,2,29,BIOBÍO,1,2,6,2,0.0,1,99,15,5,1.0,1.0,88,88,2,1,16,1,Apruebo
560,693,1207,1,36,ANTOFAGASTA,1,4,4,2,0.0,1,5,15,2,1.0,1.0,5,5,2,2,2,1,Apruebo
561,694,1208,1,46,ANTOFAGASTA,1,4,4,2,0.0,9,5,15,3,1.0,1.0,5,5,3,1,1,1,Apruebo
562,695,1209,2,53,METROPOLITANA,1,3,4,2,0.0,1,99,88,5,1.0,1.0,99,99,3,8,10,1,Nulo
563,696,1213,2,48,COQUIMBO,1,3,4,2,0.0,1,88,15,5,3.0,1.0,88,88,3,1,2,2,Nulo
564,697,1214,1,57,METROPOLITANA,1,3,4,2,0.0,1,5,15,5,2.0,2.0,7,0,2,2,26,2,Apruebo
565,698,1215,2,63,LOS LAGOS,1,3,3,2,0.0,1,5,9,5,1.0,2.0,0,5,2,2,9,2,Apruebo
566,700,1220,1,56,METROPOLITANA,1,3,3,2,0.0,1,88,15,3,3.0,2.0,0,0,2,1,10,2,Apruebo
567,701,1221,1,24,METROPOLITANA,1,2,7,2,0.0,1,5,15,5,2.0,2.0,0,0,3,1,10,2,Apruebo
568,702,1223,2,82,VALPARAÍSO,1,4,2,2,0.0,2,5,15,5,1.0,1.0,0,5,1,1,1,1,Rechazo
569,703,1225,2,40,VALPARAÍSO,1,4,7,1,5.0,9,4,21,2,1.0,1.0,5,5,3,1,10,1,Apruebo
570,704,1226,2,35,METROPOLITANA,1,2,6,2,0.0,9,7,15,5,2.0,2.0,5,5,2,2,11,2,Rechazo
571,705,1228,1,67,LIBERTADOR BERNARDO OHIGGINS,1,2,5,2,0.0,9,10,18,5,2.0,2.0,5,0,2,1,3,2,Rechazo
572,706,1233,2,59,MAULE,1,3,4,2,0.0,1,5,5,5,3.0,2.0,5,0,1,3,3,2,Apruebo
573,707,1234,1,20,VALPARAÍSO,1,2,7,2,0.0,1,5,15,3,1.0,2.0,5,5,3,1,3,2,Apruebo
574,708,1235,2,51,VALPARAÍSO,1,2,7,2,0.0,1,7,10,4,3.0,2.0,5,5,2,1,3,2,Rechazo
575,710,1239,2,54,VALPARAÍSO,1,2,4,1,5.0,1,99,15,5,1.0,2.0,5,5,1,3,3,2,Apruebo
576,711,1240,1,71,ATACAMA,1,3,7,2,0.0,9,88,15,5,2.0,1.0,5,5,3,3,3,2,Rechazo
577,712,1243,2,37,ATACAMA,1,2,4,1,4.0,2,5,15,5,2.0,2.0,5,5,2,1,14,2,Apruebo
578,713,1244,2,31,ATACAMA,1,3,4,2,0.0,1,5,15,3,2.0,2.0,5,5,2,1,7,2,Apruebo
579,714,1245,2,37,ATACAMA,1,3,4,1,4.0,9,5,15,5,2.0,1.0,5,5,3,3,9,2,Apruebo
580,715,1246,1,53,ATACAMA,1,4,2,1,10.0,9,99,15,5,1.0,2.0,0,0,2,9,1,2,Nulo
581,717,1250,2,56,VALPARAÍSO,1,3,3,2,0.0,1,5,15,1,1.0,1.0,5,5,3,1,10,3,Apruebo
582,718,1255,1,40,COQUIMBO,1,3,4,2,0.0,9,8,10,3,2.0,2.0,10,5,1,2,13,2,Rechazo
583,719,1256,2,37,METROPOLITANA,1,1,7,2,0.0,9,5,15,5,1.0,1.0,4,4,3,1,3,1,Apruebo
584,720,1257,2,28,METROPOLITANA,1,1,7,2,0.0,2,8,15,3,2.0,2.0,6,5,2,2,10,3,Rechazo
585,721,1260,1,47,METROPOLITANA,1,3,4,2,0.0,9,4,88,3,1.0,1.0,0,5,2,1,6,2,Apruebo
586,722,1261,1,50,METROPOLITANA,1,1,8,2,0.0,1,8,15,1,2.0,2.0,5,5,2,1,3,2,Rechazo
587,723,1262,2,24,METROPOLITANA,1,2,8,2,0.0,1,4,88,3,1.0,1.0,5,5,3,1,3,1,Apruebo
588,724,1266,2,44,METROPOLITANA,1,2,8,2,0.0,9,3,15,2,1.0,1.0,3,8,3,1,9,1,Apruebo
589,726,1269,1,34,BIOBÍO,1,3,4,2,0.0,9,5,9,1,1.0,1.0,5,5,2,1,7,3,Apruebo
590,728,1275,2,35,METROPOLITANA,1,2,6,2,0.0,1,1,3,2,1.0,1.0,0,9,3,1,16,1,Apruebo
591,729,1276,2,55,METROPOLITANA,1,2,4,2,0.0,1,99,15,5,2.0,2.0,5,5,2,1,3,2,Rechazo
592,731,1280,2,60,METROPOLITANA,1,3,4,2,0.0,1,88,15,5,2.0,2.0,88,88,2,2,26,2,Rechazo
593,732,1282,2,69,METROPOLITANA,1,3,5,2,0.0,2,10,10,3,2.0,2.0,10,0,1,1,3,2,Rechazo
594,733,1287,1,37,VALPARAÍSO,1,2,4,2,0.0,1,5,15,5,2.0,2.0,5,5,2,2,14,2,Nulo
595,734,1288,2,48,VALPARAÍSO,1,3,3,2,0.0,1,6,15,4,1.0,1.0,5,5,2,1,2,1,Apruebo
596,735,1293,1,37,MAULE,1,4,4,2,0.0,1,5,15,5,1.0,1.0,5,5,1,3,3,2,Apruebo
597,736,1294,2,51,METROPOLITANA,1,3,7,2,0.0,9,4,15,5,1.0,1.0,5,5,3,1,1,2,Apruebo
598,737,1295,1,25,METROPOLITANA,1,1,8,2,0.0,1,88,15,5,1.0,1.0,99,99,2,1,17,3,Apruebo
599,738,1299,2,67,LIBERTADOR BERNARDO OHIGGINS,1,3,3,2,0.0,2,8,15,3,2.0,2.0,5,5,3,3,14,2,Rechazo
600,739,1301,2,56,METROPOLITANA,1,3,3,2,0.0,1,88,15,5,1.0,1.0,0,5,3,3,3,2,Rechazo
601,740,1302,1,38,METROPOLITANA,1,3,6,2,0.0,2,88,15,5,2.0,2.0,5,5,3,3,1,2,Rechazo
602,742,1309,1,32,TARAPACÁ,1,3,4,2,0.0,1,5,15,3,1.0,1.0,5,5,1,1,3,2,Apruebo
603,743,1310,1,24,LIBERTADOR BERNARDO OHIGGINS,1,2,3,2,0.0,9,5,18,4,1.0,1.0,5,3,3,2,3,1,Rechazo
604,744,1311,1,64,METROPOLITANA,1,3,1,2,0.0,1,88,15,5,2.0,2.0,5,0,2,1,3,2,Rechazo
605,745,1312,2,36,METROPOLITANA,1,2,6,2,0.0,9,5,15,1,1.0,1.0,4,5,3,1,9,1,Apruebo
606,747,1314,2,43,METROPOLITANA,1,1,8,2,0.0,1,3,15,2,2.0,2.0,5,5,2,1,3,1,Apruebo
607,748,1315,2,55,METROPOLITANA,1,2,4,2,0.0,2,99,15,4,1.0,1.0,5,5,2,1,9,1,Rechazo
608,749,1316,2,34,METROPOLITANA,1,2,8,2,0.0,1,3,15,2,1.0,1.0,5,5,3,1,3,1,Apruebo
609,750,1317,1,65,VALPARAÍSO,1,4,3,2,0.0,1,4,15,4,1.0,1.0,0,5,2,3,6,1,Apruebo
610,751,1320,1,63,BIOBÍO,1,3,1,2,0.0,99,5,15,5,2.0,2.0,5,0,2,1,3,1,Rechazo
611,752,1324,1,19,METROPOLITANA,1,3,4,2,0.0,2,6,15,1,2.0,2.0,6,5,2,1,3,2,Apruebo
612,753,1326,2,75,VALPARAÍSO,1,3,6,2,0.0,11,88,15,4,1.0,1.0,4,6,2,1,3,2,Rechazo
613,754,1327,2,68,METROPOLITANA,1,4,1,2,0.0,9,5,15,5,1.0,1.0,0,5,1,1,1,1,Apruebo
614,755,1328,2,59,METROPOLITANA,1,4,2,2,0.0,1,99,15,5,3.0,2.0,5,5,2,9,3,2,Rechazo
615,756,1330,2,30,BIOBÍO,1,2,8,2,0.0,99,5,15,3,2.0,1.0,5,5,3,1,8,2,Apruebo
616,757,1338,2,65,METROPOLITANA,1,3,2,2,0.0,9,88,15,4,3.0,2.0,5,5,2,3,3,3,Apruebo
617,759,1341,1,58,METROPOLITANA,1,1,8,2,0.0,11,3,15,1,1.0,1.0,0,10,2,1,2,1,Apruebo
618,760,1343,2,40,METROPOLITANA,1,1,8,2,0.0,2,5,15,5,2.0,2.0,0,0,1,3,3,2,Rechazo
619,761,1344,1,80,METROPOLITANA,1,2,3,2,0.0,1,10,15,3,2.0,2.0,10,5,3,1,5,2,Rechazo
620,762,1345,1,19,METROPOLITANA,1,2,4,1,5.0,2,1,15,1,1.0,1.0,0,10,3,1,27,1,Apruebo.
621,763,1346,2,65,METROPOLITANA,1,2,4,2,0.0,1,5,15,4,2.0,2.0,3,2,3,1,10,2,Apruebo
622,764,1347,2,26,METROPOLITANA,1,2,10,2,0.0,2,4,15,2,1.0,2.0,5,5,3,1,1,3,Apruebo
623,765,1348,1,40,METROPOLITANA,2,4,2,2,0.0,9,8,15,5,2.0,2.0,5,3,3,1,9,2,Nulo
624,767,1350,1,52,METROPOLITANA,2,4,3,2,0.0,1,5,15,4,1.0,1.0,3,8,2,1,3,1,Rechazo
625,768,1353,1,48,METROPOLITANA,1,1,8,2,0.0,9,5,18,3,2.0,2.0,5,5,2,2,3,2,Apruebo
626,769,1356,2,76,BIOBÍO,1,3,3,2,0.0,1,99,15,5,1.0,2.0,88,88,2,3,3,2,Rechazo
627,770,1358,1,31,COQUIMBO,1,3,6,2,0.0,1,5,15,3,1.0,1.0,5,5,3,1,9,1,Apruebo
628,772,1360,2,65,BIOBÍO,1,3,4,2,0.0,99,99,15,5,2.0,2.0,0,0,2,2,3,2,Rechazo
629,773,1361,2,71,METROPOLITANA,1,1,8,2,0.0,1,5,15,2,3.0,2.0,5,5,2,1,3,2,Apruebo
630,774,1362,1,57,METROPOLITANA,1,3,2,1,5.0,9,4,5,4,1.0,1.0,0,5,2,1,9,1,Apruebo
631,776,1365,1,20,BIOBÍO,1,3,3,2,0.0,99,7,15,4,1.0,1.0,5,5,3,2,5,1,Rechazo
632,777,1366,1,48,METROPOLITANA,1,1,7,2,0.0,10,3,9,1,1.0,1.0,5,8,3,1,7,1,Apruebo
633,779,1368,2,60,METROPOLITANA,1,2,8,2,0.0,1,5,1,3,1.0,1.0,5,5,2,1,10,1,Apruebo
634,781,1372,1,27,METROPOLITANA,1,2,8,2,0.0,1,99,9,3,1.0,1.0,5,5,3,1,3,1,Apruebo
635,782,1373,1,50,METROPOLITANA,1,3,5,2,0.0,1,6,15,3,2.0,2.0,5,5,2,1,3,2,Apruebo
636,783,1376,2,43,BIOBÍO,1,2,6,2,0.0,1,99,15,4,1.0,2.0,88,88,3,1,3,1,Rechazo
637,784,1377,2,60,BIOBÍO,1,3,2,2,0.0,2,99,15,5,1.0,2.0,88,88,1,3,3,1,Rechazo
638,785,1380,1,60,BIOBÍO,1,2,6,2,0.0,9,99,15,3,2.0,2.0,8,4,1,1,1,2,Rechazo
639,786,1383,2,74,BIOBÍO,1,3,1,2,0.0,2,99,15,5,1.0,1.0,7,6,1,2,1,1,Rechazo
640,788,1389,2,42,BIOBÍO,1,3,5,2,0.0,9,99,15,4,1.0,1.0,6,8,2,1,5,1,Apruebo
641,789,1393,2,22,METROPOLITANA,1,3,4,2,0.0,2,5,1,3,2.0,2.0,5,5,2,1,10,2,Rechazo
642,791,1399,2,67,BIOBÍO,1,2,4,2,0.0,1,99,15,3,2.0,2.0,99,99,2,3,3,2,Apruebo
643,793,1404,1,73,METROPOLITANA,1,3,4,2,0.0,1,5,1,1,1.0,2.0,99,10,3,1,1,1,Apruebo
644,795,1408,1,60,METROPOLITANA,1,3,9,2,0.0,1,5,1,2,2.0,2.0,4,3,2,1,3,2,Apruebo
645,797,1411,2,66,METROPOLITANA,1,3,8,2,0.0,1,5,15,5,1.0,1.0,5,5,3,1,14,1,Apruebo
646,798,1412,1,76,METROPOLITANA,1,3,4,2,0.0,1,5,15,5,2.0,2.0,5,3,3,2,1,2,Apruebo
647,799,1413,2,63,METROPOLITANA,1,2,8,2,0.0,1,5,1,3,3.0,2.0,3,3,3,1,1,2,Apruebo
648,800,1416,1,56,METROPOLITANA,1,4,4,2,0.0,1,7,15,5,2.0,2.0,5,4,2,1,3,2,Rechazo
649,801,1417,2,53,VALPARAÍSO,1,2,6,2,0.0,1,6,15,3,2.0,2.0,4,0,2,1,3,2,Apruebo
650,802,1418,2,54,LOS RÍOS,1,3,6,2,0.0,1,5,15,5,1.0,1.0,5,3,3,1,3,1,Apruebo
651,803,1420,2,48,AYSÉN,1,3,3,2,0.0,9,3,9,5,1.0,1.0,0,2,2,2,3,2,Apruebo
652,804,1422,1,33,VALPARAÍSO,1,2,8,2,0.0,9,10,15,4,2.0,2.0,5,5,3,1,3,2,Rechazo
653,806,1425,2,52,METROPOLITANA,1,4,3,1,5.0,9,5,15,5,1.0,1.0,0,0,2,2,12,1,Apruebo
654,807,1426,1,54,METROPOLITANA,1,3,6,2,0.0,1,99,15,5,1.0,2.0,5,5,3,1,1,2,Nulo
655,808,1429,2,25,VALPARAÍSO,1,3,6,1,5.0,10,5,3,2,1.0,1.0,5,5,2,1,3,1,Apruebo
656,809,1434,2,25,METROPOLITANA,1,1,8,2,0.0,99,6,18,5,2.0,2.0,5,5,2,2,3,2,Apruebo.
657,810,1436,2,22,METROPOLITANA,1,4,7,2,0.0,1,99,15,3,1.0,1.0,5,5,3,1,2,1,Apruebo
658,811,1439,1,54,ÑUBLE,1,1,8,2,0.0,1,5,15,5,1.0,1.0,5,5,2,1,3,2,Apruebo
659,812,1440,2,38,ÑUBLE,1,2,6,2,0.0,1,4,15,5,1.0,1.0,3,5,3,2,14,1,Apruebo
