,Unnamed: 0.1,race,sexo,edad,zona_u_r,iden_pol_2,iden_pol_3,interes_pol_1_b,church,discuss_politics,elec_pres_144_a,nom_region,religion_82,esc_nivel_1,gse,religion_14,pred
0,2177,1,2,52,3,4,5,2,1,1,2,39,2,6,20,3,Abortion should only be allowed in special cases.
1,4930,2,1,27,4,99,1,2,1,1,1,18,11,2,1,2,Abortion should be an option for women in any case.
2,1835,1,2,67,2,6,7,2,1,1,2,20,1,6,-9,2,Abortion should always be prohibited.
3,691,1,2,58,3,4,3,2,2,1,1,55,12,6,15,3,Abortion should be an option for women in any case.
4,1593,3,2,44,1,2,1,2,2,1,1,26,1,4,17,3,Abortion should be an option for women in any case.
5,765,1,2,72,2,3,1,4,1,2,1,39,2,2,1,3,Abortion should always be prohibited.
6,1669,1,1,63,2,99,7,2,2,1,2,33,2,2,15,2,Abortion should always be prohibited.
7,1839,1,1,72,3,6,7,1,1,1,2,39,1,8,18,2,Abortion should always be prohibited.
8,4063,2,2,48,3,2,1,1,1,1,1,24,11,3,21,3,Abortion should be an option for women in any case.
9,1471,1,1,69,4,6,7,2,1,1,2,49,4,6,5,1,Abortion should always be prohibited.
10,1487,1,1,67,3,3,2,3,2,2,1,17,2,2,16,2,Abortion should always be prohibited.
11,4663,2,2,60,4,5,3,2,1,1,1,51,1,8,2,1,"Based on the information provided, it is likely that this individual's judgment regarding abortion would lean towards abortion should only be allowed in special cases."
12,1128,3,1,62,2,4,7,2,1,1,2,48,11,2,10,1,Abortion should only be allowed in special cases.
13,1586,1,1,61,4,4,1,2,2,1,1,17,10,6,20,3,Abortion should be an option for women in any case.
14,1095,1,1,56,4,6,5,2,1,1,2,17,1,6,12,2,Abortion should only be allowed in special cases.
15,4371,1,1,80,3,4,2,2,2,1,1,6,2,6,19,3,Abortion should always be prohibited.
16,2409,1,1,35,4,1,1,1,2,1,1,36,9,7,21,3,Abortion should be an option for women in any case.
17,676,1,2,63,2,3,1,2,1,1,1,55,11,5,11,3,Abortion should be an option for women in any case.
18,2900,4,1,46,3,4,2,4,2,1,1,36,2,6,22,2,Abortion should only be allowed in special cases.
19,4100,1,2,42,3,5,5,2,1,1,1,37,3,6,19,2,Abortion should only be allowed in special cases.
20,5238,1,1,72,2,6,7,3,2,1,2,26,2,7,16,2,Abortion should always be prohibited.
21,2101,6,2,38,3,6,7,2,1,1,2,6,11,6,17,2,Abortion should only be allowed in special cases.
22,2521,1,2,31,4,3,2,3,2,1,1,5,11,6,18,3,Abortion should be an option for women in any case.
23,4262,2,2,41,1,99,2,2,2,1,1,36,11,2,6,3,Abortion should be an option for women in any case.
24,2103,1,1,54,3,5,5,2,1,1,2,17,12,2,13,2,Abortion should always be prohibited.
25,3112,1,2,50,3,4,2,1,2,1,1,55,2,6,21,3,Abortion should only be allowed in special cases.
26,325,1,2,69,2,6,5,3,2,1,2,20,1,6,14,2,"Based on the information provided, this person's conservative political ideology and religious beliefs suggest that they may believe that abortion should always be prohibited."
27,5666,2,2,58,2,4,1,2,1,1,1,37,11,4,2,3,Abortion should be an option for women in any case.
28,3193,1,2,73,2,2,1,1,2,1,1,17,10,6,14,3,Abortion should be an option for women in any case.
29,4519,1,2,77,1,6,7,2,1,1,2,12,1,3,9,2,Abortion should always be prohibited.
30,2488,4,2,35,3,4,5,2,1,1,2,48,2,8,22,3,Abortion should only be allowed in special cases.
31,426,1,1,38,3,4,4,2,2,1,1,51,9,6,21,3,Abortion should be an option for women in any case.
32,4650,1,2,59,1,99,1,3,1,1,1,17,1,3,4,3,Abortion should be an option for women in any case.
33,2585,1,2,65,3,2,2,2,2,1,1,11,11,7,20,3,Abortion should be an option for women in any case.
34,101,1,1,64,4,4,1,1,2,1,1,27,12,4,15,3,Abortion should be an option for women in any case.
35,80,4,1,80,2,6,7,3,2,2,2,59,12,8,22,2,Abortion should always be prohibited.
36,5274,1,1,38,2,99,7,2,1,1,2,13,3,3,1,2,Abortion should always be prohibited.
37,1421,1,2,72,2,2,3,2,2,2,1,25,12,6,17,3,Abortion should always be prohibited.
38,401,6,2,36,2,1,1,1,2,1,1,6,9,7,20,3,Abortion should be an option for women in any case.
39,2704,3,2,31,4,99,3,3,2,1,1,48,11,95,8,1,Abortion should be an option for women in any case.
40,926,4,1,47,2,4,1,3,2,1,1,29,7,6,10,2,Abortion should be an option for women in any case.
41,5401,1,1,52,2,6,5,1,1,1,2,37,11,4,12,2,Abortion should always be prohibited.
42,534,1,1,73,2,6,7,2,2,1,2,36,2,6,10,2,Abortion should only be allowed in special cases.
43,2321,2,2,73,4,3,1,1,1,1,1,1,1,3,1,3,Abortion should be an option for women in any case.
44,2534,1,1,53,2,6,7,1,1,1,2,37,2,6,17,2,Abortion should always be prohibited.
45,3659,1,1,29,3,4,4,1,2,1,3,36,9,8,11,3,Abortion should be an option for women in any case.
46,3176,4,2,48,4,99,4,1,1,1,1,6,-9,3,21,3,Abortion should be an option for women in any case.
47,2135,1,1,80,4,3,1,1,1,1,1,48,1,7,15,3,Abortion should only be allowed in special cases.
48,2031,1,2,63,1,7,7,4,1,1,2,23,11,2,22,1,Abortion should always be prohibited.
49,3542,1,1,63,2,3,3,2,2,1,1,23,2,6,-9,3,Abortion should only be allowed in special cases.
50,811,1,2,75,3,5,6,4,2,2,1,17,10,5,12,3,Abortion should always be prohibited.
51,4347,1,2,73,2,3,3,4,2,1,1,37,1,4,17,3,Abortion should be an option for women in any case.
52,2004,-9,-9,47,3,3,1,2,1,1,1,17,2,7,-9,3,Abortion should be an option for women in any case.
53,4762,1,2,51,4,7,6,3,1,1,2,48,1,6,16,1,Abortion should always be prohibited.
54,2347,6,2,59,4,4,5,2,1,1,2,24,2,3,17,1,Abortion should be an option for women in any case.
55,4233,1,1,63,3,3,1,2,2,1,1,36,2,3,11,3,Abortion should be an option for women in any case.
56,4383,1,2,66,3,6,7,1,1,1,2,6,1,5,16,2,Abortion should always be prohibited.
57,2687,1,1,69,4,2,3,1,2,1,1,18,10,6,2,3,Abortion should be an option for women in any case.
58,501,1,2,26,3,99,7,3,2,1,2,29,12,3,16,2,Abortion should always be prohibited.
59,1988,3,2,24,2,4,1,2,1,1,1,48,2,4,17,3,Abortion should be an option for women in any case.
60,3203,1,2,65,3,2,1,1,2,1,1,17,12,6,15,3,Abortion should be an option for women in any case.
61,3336,2,1,44,4,4,2,3,1,1,1,12,11,2,17,3,Abortion should be an option for women in any case.
62,1244,1,1,69,4,2,1,2,2,1,1,18,9,6,8,3,Abortion should be an option for women in any case.
63,5583,1,2,69,3,2,1,2,2,1,1,34,2,7,20,3,Abortion should only be allowed in special cases.
64,683,3,1,45,3,4,2,2,2,1,1,6,2,8,22,3,Abortion should only be allowed in special cases.
65,748,3,1,37,4,2,4,2,2,1,1,18,11,2,10,3,Abortion should be an option for women in any case.
66,2751,1,1,75,3,99,7,4,1,2,2,36,2,4,12,1,Abortion should always be prohibited.
67,1410,2,1,62,3,4,2,1,1,1,1,12,1,7,20,2,Abortion should be an option for women in any case.
68,4512,2,1,69,2,2,1,1,1,1,1,1,1,4,-9,3,Abortion should be an option for women in any case.
69,3718,1,2,29,1,5,6,3,2,1,2,6,1,6,2,2,Abortion should be an option for women in any case.
70,167,1,1,50,3,6,7,2,2,1,2,26,10,4,-9,2,Abortion should always be prohibited.
71,3873,2,2,48,4,4,4,2,1,1,1,24,3,3,10,3,Abortion should be an option for women in any case.
72,964,1,2,46,3,2,2,1,2,1,1,46,10,8,17,3,Abortion should be an option for women in any case.
73,4988,1,2,54,3,5,5,1,2,1,2,10,1,3,17,2,Abortion should always be prohibited.
74,2209,1,1,34,3,2,2,2,2,1,1,59,2,7,20,3,Abortion should be an option for women in any case.
75,787,4,2,35,3,6,5,1,2,1,2,25,8,8,1,3,Abortion should always be prohibited.
76,4823,1,2,29,3,3,2,2,2,1,1,51,1,6,17,3,Abortion should be an option for women in any case.
77,1084,1,1,73,3,6,7,1,1,1,2,39,12,1,5,2,Abortion should always be prohibited.
78,2513,1,1,64,2,6,6,3,1,1,2,27,1,2,11,2,Abortion should always be prohibited.
79,1321,1,2,56,2,5,5,3,1,1,2,27,2,4,17,2,Abortion should only be allowed in special cases.
80,1305,1,1,63,1,6,5,2,2,1,2,12,1,7,21,2,Abortion should always be prohibited.
81,2574,1,1,69,2,7,7,3,1,2,2,27,11,2,17,2,Abortion should always be prohibited.
82,3674,1,2,29,1,5,7,1,1,1,2,45,11,2,4,1,Abortion should always be prohibited.
83,1672,1,1,60,4,2,1,2,1,1,1,26,1,3,15,3,Abortion should be an option for women in any case.
84,408,1,2,45,1,6,7,2,2,1,2,6,2,2,16,3,Abortion should always be prohibited.
85,3095,4,2,67,3,3,3,2,1,1,2,45,2,1,6,3,Abortion should only be allowed in special cases.
86,3867,1,2,45,4,6,7,3,1,1,2,26,1,6,17,1,Abortion should always be prohibited.
87,626,1,1,22,2,4,1,2,1,1,2,26,12,2,1,2,Abortion should be an option for women in any case.
88,4060,1,1,59,3,7,7,1,1,1,2,5,1,6,17,1,Abortion should always be prohibited.
89,1188,1,2,78,3,2,1,1,2,1,1,34,5,5,7,3,Abortion should be an option for women in any case.
90,4151,1,-9,40,2,6,7,3,1,1,2,47,11,2,-9,1,Abortion should always be prohibited.
91,79,1,2,60,1,4,6,2,2,1,1,42,1,3,17,3,Abortion should only be allowed in special cases.
92,3375,1,2,73,1,6,7,2,1,1,2,22,2,6,1,2,Abortion should always be prohibited.
93,3450,1,1,73,4,6,7,2,1,1,2,8,2,7,17,2,Abortion should always be prohibited.
94,410,4,2,41,2,4,6,2,2,1,2,36,12,2,13,2,"Based on the provided information, the best expression of this person's judgment regarding abortion would likely be that abortion should be an option for women in any case."
95,1268,3,2,57,3,3,1,2,-9,1,1,6,2,7,16,3,Abortion should be an option for women in any case.
96,1662,1,2,43,4,4,2,2,1,1,1,48,1,6,18,2,Abortion should be an option for women in any case.
97,4457,1,1,63,2,7,7,2,1,1,2,54,1,6,8,1,Abortion should always be prohibited.
98,5090,1,2,73,3,5,7,2,2,1,2,22,2,3,1,3,Abortion should always be prohibited.
99,5133,5,1,48,3,4,6,1,2,1,1,59,8,7,22,3,Abortion should be an option for women in any case.
100,3745,1,2,80,3,6,7,2,1,1,2,26,1,2,1,3,Abortion should always be prohibited.
101,2329,6,2,23,1,2,3,2,2,1,1,24,9,3,22,3,Abortion should be an option for women in any case.
102,4606,1,1,55,3,6,7,2,1,1,2,36,1,2,22,2,Abortion should always be prohibited.
103,994,1,2,30,4,5,4,2,1,1,2,18,11,6,10,1,Abortion should be an option for women in any case.
104,3949,3,2,43,3,4,2,2,2,1,1,8,2,6,21,3,Abortion should only be allowed in special cases.
105,4983,1,1,73,3,5,5,2,1,1,2,42,2,4,10,1,Abortion should only be allowed in special cases.
106,4839,1,2,38,1,4,7,3,2,1,2,42,1,5,9,3,Abortion should only be allowed in special cases.
107,2369,4,2,30,3,4,5,2,2,1,1,6,8,8,22,3,Abortion should only be allowed in special cases.
108,4619,1,2,79,4,4,1,2,1,1,1,47,1,7,14,2,Abortion should be an option for women in any case.
109,2535,1,2,58,3,2,3,3,2,1,1,27,1,6,22,3,Abortion should be an option for women in any case.
110,2706,1,1,80,3,6,7,2,1,1,2,42,2,6,1,1,Abortion should always be prohibited.
111,156,1,2,34,4,2,3,2,1,1,1,42,11,6,10,3,Abortion should be an option for women in any case.
112,4793,1,1,51,2,1,2,1,2,1,1,27,9,7,22,3,Abortion should be an option for women in any case.
113,2767,1,1,71,4,2,1,1,2,1,1,29,10,6,5,3,Abortion should be an option for women in any case.
114,3299,6,2,54,4,1,3,1,2,1,1,9,10,3,10,3,Abortion should be an option for women in any case.
115,4406,1,2,66,4,6,7,2,1,1,2,51,1,7,14,3,Abortion should always be prohibited.
116,1224,1,2,63,1,4,1,1,1,1,1,36,11,6,22,3,Abortion should be an option for women in any case.
117,544,1,2,27,3,2,6,3,2,2,2,47,12,6,2,3,Abortion should be an option for women in any case.
118,3554,1,2,50,3,3,3,3,2,1,1,24,12,7,11,3,Abortion should be an option for women in any case.
119,1618,1,2,51,2,3,2,2,2,1,1,53,1,6,10,3,Abortion should be an option for women in any case.
120,239,1,2,65,3,6,5,4,2,2,2,36,1,5,10,2,Abortion should always be prohibited.
121,2476,1,1,59,2,4,2,3,1,1,2,34,2,2,20,2,Abortion should only be allowed in special cases.
122,2333,1,1,51,1,99,2,3,1,1,2,21,11,4,12,2,Abortion should always be prohibited.
123,2018,1,2,26,4,1,3,2,2,1,3,6,12,5,5,2,Abortion should be an option for women in any case.
124,2629,1,1,54,2,4,6,2,1,1,1,18,1,4,15,1,Abortion should only be allowed in special cases.
125,439,1,2,68,3,99,1,1,2,1,1,34,1,2,21,3,Abortion should be an option for women in any case.
126,2420,1,1,37,2,6,7,2,2,1,2,22,12,3,1,3,Abortion should always be prohibited.
127,5344,1,2,28,4,5,5,2,2,1,3,38,12,3,13,2,Abortion should only be allowed in special cases.
128,1454,1,1,76,3,4,5,2,1,1,1,55,2,7,19,2,Abortion should only be allowed in special cases.
129,23,1,1,66,2,6,7,2,1,1,2,25,1,6,20,2,Abortion should always be prohibited.
130,132,1,2,78,4,2,1,1,1,1,1,6,1,7,20,3,Abortion should be an option for women in any case.
131,1505,1,1,46,4,1,1,1,2,1,1,17,9,3,22,3,Abortion should be an option for women in any case.
132,2503,1,2,36,3,2,2,2,2,1,1,10,12,6,22,3,Abortion should be an option for women in any case.
133,2181,1,2,62,4,5,5,2,1,1,2,-9,4,5,8,1,Abortion should always be prohibited.
134,5615,1,1,73,4,5,5,2,1,1,2,29,1,6,16,2,Abortion should only be allowed in special cases.
135,5433,1,2,31,4,6,7,2,2,2,2,48,11,3,11,1,Abortion should always be prohibited.
136,5645,2,1,30,4,3,4,2,2,1,1,22,11,6,15,3,Abortion should be an option for women in any case.
137,4965,1,2,69,1,7,7,2,1,1,2,42,1,95,-9,1,Abortion should always be prohibited.
138,1186,1,1,34,4,4,2,2,2,1,1,27,11,6,6,3,Abortion should be an option for women in any case.
139,5283,1,2,56,3,3,2,1,1,1,1,39,11,95,22,3,Abortion should be an option for women in any case.
140,3576,2,1,66,3,99,1,1,1,1,1,17,1,8,-9,3,Abortion should be an option for women in any case.
141,1769,1,2,80,2,7,7,1,1,1,2,53,1,2,10,1,Abortion should always be prohibited.
142,5183,1,1,51,4,2,2,2,2,1,1,36,12,2,4,3,Abortion should be an option for women in any case.
143,1520,1,2,65,1,5,2,2,1,1,2,18,1,3,14,3,Abortion should only be allowed in special cases.
144,1498,1,1,65,2,6,7,2,2,1,2,17,3,2,1,2,Abortion should always be prohibited.
145,4486,1,2,33,3,6,6,2,1,1,2,8,2,6,13,2,Abortion should only be allowed in special cases.
146,3130,1,2,67,4,1,1,2,2,1,1,6,9,7,20,3,Abortion should be an option for women in any case.
147,2842,1,1,78,4,4,1,2,1,1,1,42,1,6,8,3,Abortion should only be allowed in special cases.
148,1617,1,1,38,4,3,7,2,1,1,2,59,7,8,9,2,"Based on the provided information, it is likely that this person's judgment regarding abortion would be that abortion should always be prohibited."
149,2121,1,2,66,2,1,1,1,2,1,1,18,12,3,2,3,Abortion should be an option for women in any case.
150,3094,1,1,60,2,2,1,2,2,1,1,19,1,4,21,3,Abortion should be an option for women in any case.
151,3372,2,1,60,3,4,1,3,1,1,1,27,1,7,17,3,Abortion should be an option for women in any case.
152,4028,3,1,50,3,6,7,1,1,1,2,48,2,7,1,1,Abortion should always be prohibited.
153,5394,5,2,47,2,2,4,2,2,1,1,41,9,6,2,3,Abortion should be an option for women in any case.
154,530,1,2,80,2,6,7,2,1,1,2,51,1,5,13,2,Abortion should always be prohibited.
155,3045,1,2,63,3,99,1,4,1,1,1,29,2,4,7,2,"Since the individual is a Roman Catholic, the stance on abortion may align with the beliefs of the Roman Catholic Church, which generally opposes abortion. Therefore, the person's judgment regarding abortion may lean towards abortion should always be prohibited."
156,65,1,2,26,2,7,7,1,1,1,2,40,1,4,2,1,Abortion should always be prohibited.
157,324,1,2,73,1,2,3,1,2,1,1,27,11,3,4,3,Abortion should be an option for women in any case.
158,168,1,2,64,4,2,1,1,1,1,1,6,12,6,11,3,Abortion should be an option for women in any case.
159,2093,1,2,21,3,1,3,2,2,1,1,34,11,3,16,3,Abortion should be an option for women in any case.
160,177,1,1,27,4,2,2,3,2,1,1,17,10,3,9,3,Abortion should be an option for women in any case.
161,3011,1,1,73,1,99,7,2,1,1,2,48,11,1,6,1,"Based on the information provided, it is likely that this person would believe that abortion should always be prohibited."
162,1287,2,2,53,1,1,1,3,1,1,1,1,11,4,1,3,Abortion should be an option for women in any case.
163,2988,1,1,71,4,6,7,2,2,1,2,6,12,6,12,1,Abortion should always be prohibited.
164,422,1,2,45,2,3,3,2,1,1,1,29,1,7,9,2,Abortion should be an option for women in any case.
165,1721,1,2,32,3,4,2,2,2,1,1,26,3,7,21,1,Abortion should be an option for women in any case.
166,4140,1,1,62,4,5,7,1,1,1,2,22,2,8,16,2,Abortion should always be prohibited.
167,1595,1,1,80,3,6,6,3,1,1,2,1,1,3,11,2,"Based on the demographic information provided, it is likely that this person would believe that abortion should always be prohibited."
168,3428,1,1,41,2,6,7,2,2,1,2,49,12,3,18,2,Abortion should always be prohibited.
169,4299,1,1,46,2,3,3,1,1,1,1,39,2,6,22,3,Abortion should only be allowed in special cases.
170,589,1,2,67,2,99,2,2,1,1,1,42,2,3,6,2,Abortion should only be allowed in special cases.
171,2245,1,1,67,3,99,5,3,1,1,2,36,2,3,20,2,Abortion should always be prohibited.
172,5200,2,2,32,4,5,6,2,1,1,1,32,1,6,15,2,Abortion should be an option for women in any case.
173,4938,3,2,32,4,4,3,2,1,1,1,49,11,6,15,3,Abortion should be an option for women in any case.
174,3288,1,2,34,3,6,7,2,2,1,2,36,2,6,1,3,Abortion should always be prohibited.
175,5560,1,2,31,1,99,1,2,2,1,1,55,11,4,8,3,Abortion should be an option for women in any case.
176,373,1,1,35,3,4,6,2,1,1,1,6,3,8,21,3,Abortion should be an option for women in any case.
177,2619,1,1,55,1,3,2,3,2,1,1,26,2,3,15,2,Abortion should only be allowed in special cases.
178,3650,1,1,37,3,4,4,2,1,1,1,19,2,6,21,3,Abortion should only be allowed in special cases.
179,2264,1,1,76,2,6,7,1,1,1,2,36,2,6,1,2,Abortion should always be prohibited.
180,2417,1,2,59,4,1,1,2,2,1,1,34,12,7,10,3,Abortion should be an option for women in any case.
181,1888,1,1,35,2,5,5,2,1,1,2,17,12,6,15,2,Abortion should only be allowed in special cases.
182,3826,1,2,45,1,2,2,1,2,1,1,42,10,7,18,3,Abortion should be an option for women in any case.
183,1630,1,2,63,1,6,7,2,1,1,2,1,1,7,19,1,Abortion should always be prohibited.
184,889,1,1,49,3,2,1,1,2,1,1,6,10,6,8,3,Abortion should be an option for women in any case.
185,3780,3,2,33,4,4,2,2,2,2,1,6,2,2,7,2,"Based on the provided profile, the best expression of this person's judgment regarding abortion would likely be that abortion should be an option for women in any case."
186,3265,1,1,27,4,4,4,2,2,1,1,29,11,2,4,2,"Based on the information provided, it is difficult to determine the individual's specific stance on abortion. However, considering the moderate political ideology and the political party being independent, it is possible that this person may lean towards the belief that abortion should only be allowed in special cases."
187,8,3,2,37,4,99,1,4,2,1,1,59,1,2,9,1,Abortion should be an option for women in any case.
188,1831,1,1,38,4,4,3,2,2,1,1,24,10,8,22,3,Abortion should be an option for women in any case.
189,1813,1,1,32,1,6,6,2,1,1,2,45,1,6,15,2,Abortion should always be prohibited.
190,346,1,2,31,4,7,7,3,2,1,2,39,3,3,19,2,Abortion should always be prohibited.
191,1858,1,1,55,3,99,3,4,2,1,1,6,11,2,16,3,"Based on the information provided, it is difficult to accurately determine this person's specific judgment regarding abortion as their political ideology and opinion on the matter are not stated."
192,2654,1,2,52,2,4,5,2,2,1,2,36,12,2,-9,3,"Since the socioeconomic status is not provided, it is difficult to determine a specific stance on abortion based on the information given. However, based on the political ideology being moderate and the political party being independent-Republican, it is likely that this person may believe that abortion should only be allowed in special cases."
193,1553,1,1,28,3,5,6,2,2,1,2,13,3,6,16,2,Abortion should only be allowed in special cases.
194,5050,1,1,70,1,99,7,3,2,1,2,26,1,3,10,2,Abortion should always be prohibited.
195,4310,1,1,75,3,6,5,2,1,1,1,6,1,8,16,2,Abortion should always be prohibited.
196,611,1,1,58,3,1,1,1,1,1,1,9,1,4,22,3,Abortion should be an option for women in any case.
197,3699,2,2,55,2,99,2,3,1,1,1,13,12,4,8,3,Abortion should be an option for women in any case.
198,199,2,2,30,4,99,2,4,1,1,1,17,12,7,10,3,"Based on the information provided, it is not explicitly stated what this person's judgment regarding abortion would be."
199,3781,1,1,75,1,4,1,1,2,1,1,27,2,2,18,3,Abortion should only be allowed in special cases.
200,4528,2,2,26,4,3,1,3,1,1,1,39,12,8,7,3,Abortion should be an option for women in any case.
201,5522,3,2,65,3,2,1,2,2,1,1,6,12,6,17,3,Abortion should be an option for women in any case.
202,371,1,2,72,4,99,2,2,2,1,2,13,12,1,-9,3,Abortion should only be allowed in special cases.
203,3605,1,1,72,3,6,7,2,1,1,2,53,1,7,12,2,Abortion should always be prohibited.
204,2339,1,1,53,3,5,6,2,1,1,1,25,1,7,-9,3,Abortion should only be allowed in special cases.
205,1103,1,2,64,2,99,2,2,1,1,2,36,2,3,5,3,Abortion should only be allowed in special cases.
206,33,1,1,79,2,2,1,1,1,1,1,42,2,4,10,2,Abortion should be an option for women in any case.
207,230,1,1,69,2,4,2,3,2,1,1,35,10,3,10,2,Abortion should be an option for women in any case.
208,3707,1,2,53,2,6,5,1,2,1,2,25,1,3,7,1,Abortion should always be prohibited.
209,2859,1,1,59,2,3,3,2,2,1,1,53,12,2,20,3,Abortion should be an option for women in any case.
210,1480,1,2,61,4,4,1,2,2,1,1,6,12,8,19,2,Abortion should be an option for women in any case.
211,4048,1,1,67,1,6,7,1,1,1,2,22,1,7,19,2,Abortion should always be prohibited.
212,3038,1,2,48,3,1,1,1,2,1,1,13,12,8,19,3,Abortion should be an option for women in any case.
213,3220,1,1,44,1,5,5,1,2,1,1,13,9,7,22,3,Abortion should only be allowed in special cases.
214,15,1,2,80,3,3,2,2,1,1,1,55,2,2,5,2,Abortion should only be allowed in special cases.
215,4119,2,2,69,4,5,3,4,1,1,1,59,12,2,1,1,Abortion should only be allowed in special cases.
216,453,2,2,50,2,99,2,3,1,2,1,36,11,1,1,2,"Since there are missing details regarding the individual's political ideology and party affiliation, it is difficult to accurately determine their stance on abortion. However, given the information provided, it would be most appropriate to suggest that this individual may lean towards the belief that abortion should always be prohibited or that it should only be allowed in special cases."
217,3362,3,1,73,4,2,2,2,2,1,1,12,2,8,20,3,Abortion should only be allowed in special cases.
218,1292,2,2,63,4,3,1,2,1,1,1,36,1,6,13,3,Abortion should be an option for women in any case.
219,1561,1,1,55,2,5,6,2,2,1,2,55,1,2,7,2,Abortion should always be prohibited.
220,297,1,1,62,3,6,7,1,1,1,2,42,1,6,4,2,Abortion should always be prohibited.
221,5517,1,2,45,3,5,6,2,1,1,1,29,1,6,20,2,Abortion should only be allowed in special cases.
222,1025,1,2,55,2,99,6,3,2,1,2,34,1,7,18,3,"Based on the information provided, it is not clear what this person's specific judgment regarding abortion would be. However, given the information that they are Protestant and do not answer in terms of political ideology, it is possible that they may lean towards a belief that abortion should be allowed in special cases."
223,5138,1,1,33,4,3,1,1,1,1,1,27,1,7,6,2,Abortion should be an option for women in any case.
224,1400,1,2,41,4,5,2,2,1,1,1,24,11,6,17,2,Abortion should be an option for women in any case.
225,3125,2,2,69,4,4,1,2,-9,1,1,12,11,8,10,3,Abortion should be an option for women in any case.
226,381,1,2,77,1,3,1,2,2,1,1,36,2,3,1,3,Abortion should always be prohibited.
227,3986,3,2,59,2,4,1,3,1,2,1,48,2,2,16,1,Abortion should be an option for women in any case.
228,1220,1,2,33,4,2,1,2,2,1,1,24,12,8,21,3,Abortion should be an option for women in any case.
229,1231,4,2,39,4,2,1,3,1,1,1,53,12,3,18,3,Abortion should be an option for women in any case.
230,1770,1,2,55,4,99,1,2,1,2,1,39,12,4,15,2,Abortion should be an option for women in any case.
231,3479,1,2,47,2,4,3,2,1,1,1,41,1,4,16,3,Abortion should be an option for women in any case.
232,3132,1,1,72,2,3,3,1,1,1,1,30,2,6,10,3,Abortion should be an option for women in any case.
233,1840,3,1,35,1,2,1,3,2,1,1,6,10,6,7,2,Abortion should be an option for women in any case.
234,2550,1,1,74,3,5,5,2,1,1,2,39,1,8,16,3,Abortion should always be prohibited.
235,1876,5,2,63,2,4,3,1,2,1,1,26,-9,3,-9,3,Abortion should be an option for women in any case.
236,3271,1,2,36,4,99,6,3,1,1,2,48,3,5,2,2,Abortion should only be allowed in special cases.
237,4758,1,2,65,4,2,1,1,2,1,1,20,2,3,18,2,Abortion should be an option for women in any case.
238,4301,1,2,65,3,2,1,1,2,1,1,17,1,6,9,3,Abortion should be an option for women in any case.
239,2346,4,1,39,4,6,7,3,1,1,2,6,3,6,15,1,Abortion should always be prohibited.
240,3505,1,2,55,4,2,1,1,1,1,1,34,5,6,8,3,Abortion should be an option for women in any case.
241,1215,1,2,54,3,3,3,3,2,1,1,16,2,6,15,3,Abortion should always be prohibited.
242,2318,1,1,56,2,6,7,1,1,1,2,17,1,6,17,2,Abortion should always be prohibited.
243,4032,1,1,50,1,4,2,2,2,1,1,6,12,6,22,3,Abortion should be an option for women in any case.
244,696,1,1,57,1,99,4,3,1,2,2,12,11,2,18,2,"Given the available information, we cannot accurately determine this individual's judgment regarding abortion since their political ideology is not provided, and their political interest is low. It is advisable to respect the diversity of opinions and beliefs surrounding the topic of abortion."
245,2598,1,2,56,1,99,7,3,1,1,2,21,11,2,1,1,"Based on the information provided, it is not possible to determine this person's judgment regarding abortion as their political ideology is not specified."
246,4180,1,2,69,3,1,1,2,2,1,1,39,5,95,15,3,Abortion should be an option for women in any case.
247,2998,2,2,65,1,99,1,2,1,1,1,37,11,2,1,3,Abortion should be an option for women in any case.
248,157,1,1,70,3,99,7,2,1,1,2,36,2,2,16,2,Abortion should always be prohibited.
249,2317,1,1,66,3,4,6,2,2,1,1,29,1,6,19,2,Abortion should only be allowed in special cases.
250,1393,1,2,24,2,1,3,3,2,1,1,6,9,5,1,3,Abortion should be an option for women in any case.
251,4458,1,2,80,2,6,7,2,1,1,2,42,11,2,10,2,Abortion should always be prohibited.
252,764,1,1,30,4,3,3,2,2,1,1,8,2,6,16,3,Abortion should be an option for women in any case.
253,944,1,2,58,1,7,7,2,2,1,2,45,1,3,-9,2,Abortion should always be prohibited.
254,3548,1,2,49,3,99,7,3,1,1,2,49,4,3,12,2,"Based on the information provided, it is likely that this person believes that abortion should always be prohibited."
255,2921,2,1,63,4,99,1,1,1,2,1,42,11,3,2,3,Abortion should be an option for women in any case.
256,2698,1,2,67,3,2,1,1,2,1,1,17,2,6,20,2,Abortion should be an option for women in any case.
257,5338,2,2,72,1,1,2,1,1,1,1,13,11,3,1,1,Abortion should be an option for women in any case.
258,1773,1,2,62,4,2,1,1,2,1,1,47,1,6,21,3,Abortion should be an option for women in any case.
259,4328,1,1,72,1,2,3,2,1,1,1,6,11,6,16,2,Abortion should be an option for women in any case.
260,3070,1,2,38,3,3,3,1,1,1,1,18,4,6,18,2,Abortion should only be allowed in special cases.
261,1760,1,2,22,4,4,1,1,1,1,1,51,6,2,10,3,Abortion should be an option for women in any case.
262,2673,2,2,80,3,4,1,2,1,1,1,59,1,8,20,2,Abortion should be an option for women in any case.
263,3703,1,1,80,2,4,4,1,1,1,1,49,4,8,18,3,Abortion should always be prohibited.
264,1411,1,1,58,1,99,1,1,1,1,1,17,2,3,20,2,Abortion should only be allowed in special cases.
265,4103,1,2,80,1,4,4,2,2,1,1,6,12,6,13,3,Abortion should be an option for women in any case.
266,1632,1,2,41,2,2,3,1,2,1,1,6,9,7,18,3,Abortion should be an option for women in any case.
267,2775,1,1,65,4,4,6,3,2,2,2,31,1,4,22,3,Abortion should only be allowed in special cases.
268,4740,2,1,30,2,4,4,1,1,1,1,12,1,4,10,1,Abortion should only be allowed in special cases.
269,1261,1,1,26,4,1,1,2,2,1,1,25,9,6,17,3,Abortion should be an option for women in any case.
270,3257,1,1,49,2,7,7,2,1,1,2,26,11,7,7,1,Abortion should always be prohibited.
271,3441,1,2,58,3,1,1,1,2,1,1,48,12,7,15,3,Abortion should be an option for women in any case.
272,3065,1,2,47,3,4,5,3,1,1,1,48,1,6,8,2,Abortion should be an option for women in any case.
273,3361,4,2,40,3,99,7,2,1,1,2,24,1,3,6,1,Abortion should only be allowed in special cases.
274,393,2,2,45,4,99,1,2,2,1,1,37,11,5,5,2,Abortion should be an option for women in any case.
275,2548,1,2,61,1,6,7,2,1,1,2,6,1,95,14,2,Abortion should always be prohibited.
276,3133,1,1,66,1,7,7,1,1,1,2,36,2,7,20,2,Abortion should always be prohibited.
277,3384,1,1,55,4,2,2,1,2,1,1,40,2,6,20,3,"Based on the information provided, the best judgment regarding abortion for this individual would be that abortion should be an option for women in any case."
278,2858,3,2,56,4,1,1,1,2,1,1,27,12,3,2,3,Abortion should be an option for women in any case.
279,319,3,2,61,4,5,4,2,1,2,2,48,1,3,11,2,"Based on the information provided, the best expression of this person's judgment regarding abortion would likely be that abortion should only be allowed in special cases."
280,4824,1,2,57,2,5,5,2,2,2,2,34,2,4,13,2,Abortion should only be allowed in special cases.
281,2763,1,2,40,3,3,2,2,1,1,1,37,2,7,11,1,Abortion should be an option for women in any case.
282,1173,4,1,40,3,5,5,2,1,1,2,13,10,4,11,3,Abortion should be an option for women in any case.
283,1121,1,1,72,2,6,7,1,1,1,2,-9,1,6,6,2,Abortion should always be prohibited.
284,1467,1,2,42,2,6,7,3,1,1,2,27,11,5,9,2,Abortion should always be prohibited.
285,2451,1,2,42,1,99,4,3,2,1,1,8,11,1,2,1,It is difficult to determine this person's judgment regarding abortion without knowing their political ideology.
286,879,2,2,66,4,2,1,3,1,1,1,34,11,7,11,3,Abortion should be an option for women in any case.
287,1057,1,1,63,2,6,7,2,1,1,2,42,2,6,13,1,Abortion should always be prohibited.
288,2536,6,1,51,3,7,5,1,1,1,2,48,2,3,11,1,Abortion should always be prohibited.
289,333,5,1,66,3,6,5,1,1,1,2,42,11,5,7,2,Abortion should only be allowed in special cases.
290,84,2,2,61,4,4,1,2,1,1,1,34,12,5,16,2,Abortion should be an option for women in any case.
291,3908,1,1,39,4,2,1,2,2,1,1,51,9,3,10,3,Abortion should be an option for women in any case.
292,1652,1,1,50,1,4,5,2,1,1,2,51,11,3,21,3,Abortion should only be allowed in special cases.
293,2164,1,1,49,2,6,7,3,2,1,2,18,11,6,20,1,Abortion should always be prohibited.
294,4594,1,1,64,1,4,3,2,2,1,1,34,2,5,14,3,Abortion should be an option for women in any case.
295,5500,1,1,42,3,7,7,1,1,1,2,40,11,6,10,1,Abortion should always be prohibited.
296,1175,1,1,35,4,2,1,2,2,1,1,39,2,6,21,3,Abortion should be an option for women in any case.
297,1545,1,1,80,4,3,1,2,1,1,1,9,1,7,8,3,Abortion should be an option for women in any case.
298,1144,1,2,70,2,1,1,1,1,1,1,42,1,6,13,3,Abortion should be an option for women in any case.
299,4399,2,1,50,4,4,6,3,2,1,1,47,12,6,8,2,Abortion should only be allowed in special cases.
300,783,3,1,25,2,4,3,2,1,1,1,6,10,6,1,3,Abortion should be an option for women in any case.
301,5527,1,1,69,3,6,7,1,2,1,2,25,2,6,8,3,Abortion should always be prohibited.
302,1212,1,1,35,4,5,6,2,1,1,2,34,2,6,1,3,Abortion should only be allowed in special cases.
303,2083,1,1,55,2,6,5,1,2,1,2,54,11,95,22,1,Abortion should always be prohibited.
304,978,1,1,77,2,1,3,2,2,1,1,36,5,7,22,3,Abortion should be an option for women in any case.
305,3480,1,2,40,4,7,5,2,1,1,2,6,1,3,17,2,Abortion should always be prohibited.
306,1033,1,2,42,3,2,2,3,2,1,1,6,10,7,19,3,Abortion should be an option for women in any case.
307,1611,5,1,66,4,6,7,4,2,1,2,36,12,5,7,2,Abortion should always be prohibited.
308,5301,1,1,38,1,6,7,2,2,2,2,36,11,5,15,2,Abortion should always be prohibited.
309,4430,6,2,34,4,3,3,3,2,1,1,6,12,7,12,3,Abortion should be an option for women in any case.
310,1323,1,1,58,3,5,7,3,1,1,2,24,12,3,18,3,Abortion should always be prohibited.
311,2024,1,2,30,4,4,3,2,2,1,1,55,11,5,18,3,Abortion should be an option for women in any case.
312,1544,2,2,28,4,4,4,2,1,1,1,28,12,2,2,3,Abortion should be an option for women in any case.
313,599,1,2,24,2,1,1,1,2,1,1,25,10,2,-9,3,Abortion should be an option for women in any case.
314,3614,1,1,44,3,4,4,3,2,1,1,48,9,7,17,3,Abortion should be an option for women in any case.
315,1743,1,2,40,1,4,6,1,1,1,1,40,11,3,10,3,Abortion should only be allowed in special cases.
316,3628,1,2,63,3,2,1,2,2,1,1,8,2,6,19,3,Abortion should be an option for women in any case.
317,4480,1,1,72,4,4,6,1,2,1,1,54,1,6,20,3,Abortion should always be prohibited.
318,3382,3,1,53,3,99,4,1,2,1,1,36,12,3,22,3,"Since there is no information about the person's political ideology, it is not possible to accurately determine their stance on abortion."
319,3501,1,2,72,2,99,7,2,1,1,2,29,1,2,-9,2,Abortion should always be prohibited.
320,3942,1,2,49,2,7,7,4,1,1,1,39,1,6,8,1,Abortion should always be prohibited.
321,4531,1,1,45,3,5,5,3,1,2,2,27,2,6,16,2,Abortion should always be prohibited.
322,1374,2,2,62,2,99,1,3,1,1,1,48,12,3,8,2,Abortion should be an option for women in any case.
323,2287,1,2,59,3,4,5,2,1,1,1,44,2,6,18,3,Abortion should only be allowed in special cases.
324,315,1,2,44,2,6,7,2,1,2,2,1,1,4,4,1,Abortion should always be prohibited.
325,1937,2,2,37,4,4,4,3,1,1,2,37,12,3,5,3,Abortion should be an option for women in any case.
326,2523,1,2,75,4,1,1,1,2,1,1,17,10,6,8,3,Abortion should be an option for women in any case.
327,3370,1,1,31,1,6,7,1,1,1,2,36,11,3,21,1,Abortion should always be prohibited.
328,3250,1,1,40,4,5,3,2,2,1,1,55,2,6,19,3,Abortion should be an option for women in any case.
329,5030,1,2,73,1,6,7,2,1,1,2,40,1,6,6,2,Abortion should always be prohibited.
330,5572,1,2,71,2,6,7,1,2,1,2,39,12,6,21,2,Abortion should always be prohibited.
331,1501,1,1,80,1,99,5,2,1,1,2,37,1,1,2,2,Abortion should always be prohibited.
332,290,1,1,79,3,99,7,2,2,1,2,39,1,1,4,2,Abortion should always be prohibited.
333,4147,1,2,73,1,7,7,1,2,1,2,49,4,7,15,2,Abortion should always be prohibited.
334,296,1,1,28,2,99,4,3,1,1,2,39,11,3,15,3,"Based on the provided information, it is difficult to determine this person's specific stance on abortion as they did not provide clear indicators of their beliefs or values in relation to the topic."
335,865,1,1,32,3,6,7,2,1,1,2,39,1,6,21,1,Abortion should always be prohibited.
336,3286,1,1,18,3,4,7,3,2,1,2,17,2,3,22,2,Abortion should always be prohibited.
337,4962,1,2,38,4,2,3,3,2,1,1,26,12,8,18,3,Abortion should be an option for women in any case.
338,2702,1,2,30,2,2,2,2,1,1,1,46,11,6,14,2,Abortion should be an option for women in any case.
339,1163,1,1,54,3,2,1,1,2,1,1,42,9,6,22,3,Abortion should be an option for women in any case.
340,538,1,2,28,3,2,3,2,2,1,1,8,10,6,18,3,Abortion should be an option for women in any case.
341,4761,1,1,40,3,99,5,3,2,1,2,25,12,3,15,2,Abortion should always be prohibited.
342,5055,1,1,79,3,1,1,1,1,1,1,25,1,8,15,2,Abortion should be an option for women in any case.
343,5397,1,1,74,4,2,1,1,2,1,1,6,11,8,17,3,Abortion should be an option for women in any case.
344,1345,1,1,49,2,2,3,2,2,1,1,18,12,6,10,3,Abortion should be an option for women in any case.
345,2487,1,1,70,1,6,7,2,2,2,2,4,12,4,10,3,Abortion should always be prohibited.
346,5637,1,2,59,4,99,2,4,1,1,2,55,2,6,8,1,Abortion should always be prohibited.
347,4141,4,1,35,4,2,1,1,2,1,1,29,10,7,22,3,Abortion should be an option for women in any case.
348,3607,1,1,35,1,4,5,4,2,1,2,29,12,4,4,2,"Based on the information provided, it is difficult to determine this person's specific judgment regarding abortion. However, given the moderate political ideology and lack of political interest, it might be inferred that this individual could potentially lean towards believing that abortion should be allowed in special cases."
349,3631,1,1,32,4,4,6,2,1,1,2,6,1,3,6,2,Abortion should be an option for women in any case.
350,3967,1,1,43,3,5,5,3,2,1,2,39,12,3,20,3,Abortion should only be allowed in special cases.
351,5313,1,2,48,1,2,1,2,2,1,1,39,12,6,16,3,Abortion should be an option for women in any case.
352,4815,4,1,27,4,1,2,1,2,1,1,36,9,6,20,3,Abortion should be an option for women in any case.
353,1181,1,2,30,3,3,3,1,1,1,1,13,3,7,21,3,Abortion should only be allowed in special cases.
354,3534,1,1,39,3,5,5,2,2,1,1,17,10,6,17,3,Abortion should only be allowed in special cases.
355,877,1,2,42,1,7,7,2,2,1,2,39,1,3,8,1,Abortion should always be prohibited.
356,4238,1,1,73,4,6,6,1,1,1,2,37,1,6,6,2,Abortion should always be prohibited.
357,4013,1,1,68,3,3,1,1,2,1,1,36,5,3,20,3,Abortion should be an option for women in any case.
358,5045,1,2,19,4,1,1,2,1,2,1,37,9,3,1,3,Abortion should be an option for women in any case.
359,5212,-9,2,77,2,2,1,2,1,1,1,34,2,7,-9,3,Abortion should be an option for women in any case.
360,447,1,1,80,4,4,5,2,2,1,1,16,12,7,10,2,Abortion should only be allowed in special cases.
361,4369,2,2,23,2,99,2,3,2,1,1,5,11,2,1,2,"Given the information provided, it is difficult to determine a clear stance on abortion for this individual. However, considering the factors such as being very poor, a high school graduate, and having a lack of political interest, it is possible that they may lean towards the belief that abortion should be an option for women in any case as it may provide them with necessary healthcare options."
362,1297,1,1,57,1,6,7,3,1,1,2,16,11,1,10,3,Abortion should always be prohibited.
363,3807,3,2,33,3,3,3,2,2,1,1,8,12,3,12,3,Abortion should be an option for women in any case.
364,4747,1,1,77,3,2,1,2,2,1,1,36,5,7,11,3,Abortion should be an option for women in any case.
365,4794,1,1,59,2,6,7,2,2,1,2,6,11,3,10,1,Abortion should always be prohibited.
366,2596,1,1,65,3,1,1,2,2,1,1,51,11,6,2,3,Abortion should be an option for women in any case.
367,1921,1,1,44,3,6,7,2,2,1,2,1,1,4,12,2,Abortion should always be prohibited.
368,1302,1,1,79,2,2,1,2,2,1,1,26,10,4,2,3,Abortion should be an option for women in any case.
369,2119,2,2,21,3,3,1,3,1,1,1,37,12,95,14,2,Abortion should be an option for women in any case.
370,1789,1,2,47,2,6,6,4,1,1,2,21,1,3,7,2,Abortion should always be prohibited.
371,1117,2,1,38,4,7,1,1,1,1,1,13,11,2,1,3,Abortion should always be prohibited.
372,4697,2,2,80,1,4,1,2,1,1,1,28,11,2,6,3,Abortion should always be prohibited.
373,1194,2,1,77,4,99,1,3,1,1,1,18,1,3,18,3,Abortion should only be allowed in special cases.
374,5328,1,2,69,2,2,1,1,1,1,1,25,11,7,4,3,Abortion should be an option for women in any case.
375,2029,1,2,76,2,6,7,2,2,1,2,29,1,3,7,2,Abortion should always be prohibited.
376,4435,1,2,71,2,6,7,2,1,1,2,39,1,7,14,2,Abortion should only be allowed in special cases.
377,279,3,1,24,4,4,4,2,2,1,3,53,12,6,10,3,Abortion should be an option for women in any case.
378,135,2,2,29,3,4,4,4,1,1,1,20,11,5,17,2,Abortion should be an option for women in any case.
379,3992,4,1,36,4,3,4,2,2,1,1,36,6,6,20,3,Abortion should be an option for women in any case.
380,2781,3,2,23,4,99,1,4,2,1,1,4,9,3,18,3,Abortion should be an option for women in any case.
381,1934,1,2,53,3,6,6,3,2,1,2,37,1,6,18,3,Abortion should only be allowed in special cases.
382,1183,3,2,61,3,4,1,2,2,1,1,4,11,2,18,3,Abortion should be an option for women in any case.
383,3320,1,2,41,3,5,6,2,2,1,2,47,9,4,20,3,Abortion should be an option for women in any case.
384,351,1,1,75,1,99,2,4,2,1,1,8,1,1,1,2,"It is important to note that individuals' opinions on abortion can vary greatly based on personal beliefs, experiences, and values. However, considering the information provided for this individual (male, age 75, very poor socioeconomic status, rural area residence, low education level, white non-Hispanic, Protestant religion, not politically interested, and not strongly affiliated with any party), it is likely that their judgment regarding abortion would fall under the belief that abortion should always be prohibited."
385,1456,1,2,37,3,4,4,4,2,1,1,36,12,8,17,3,Abortion should be an option for women in any case.
386,4683,1,1,24,3,6,7,1,2,1,2,47,10,5,-9,1,Abortion should always be prohibited.
387,3768,2,2,39,3,4,2,2,1,1,1,34,11,5,12,3,Abortion should be an option for women in any case.
388,3734,1,2,57,1,2,1,2,2,1,1,6,11,6,5,3,Abortion should be an option for women in any case.
389,1872,1,1,41,3,5,6,2,1,1,2,12,1,7,20,2,Abortion should be an option for women in any case.
390,4792,1,1,73,1,99,1,2,2,1,1,9,2,3,7,3,Abortion should always be prohibited.
391,4570,1,2,69,3,4,5,3,2,2,2,36,1,7,13,3,Abortion should be an option for women in any case.
392,5650,3,2,50,3,5,2,2,1,1,2,17,2,4,15,1,Abortion should only be allowed in special cases.
393,1832,1,1,67,4,4,6,2,1,1,1,26,2,4,13,1,Abortion should always be prohibited.
394,418,1,2,63,2,2,1,1,2,1,1,24,10,5,18,3,Abortion should be an option for women in any case.
395,553,1,2,80,2,2,1,3,2,1,1,37,10,4,8,2,Abortion should be an option for women in any case.
396,1219,2,2,55,4,2,1,1,2,1,1,20,11,3,9,3,Abortion should be an option for women in any case.
397,2414,1,2,34,2,6,7,3,2,1,2,40,11,2,5,2,Abortion should always be prohibited.
398,1564,1,1,70,1,4,2,2,1,1,1,36,1,2,10,3,Abortion should only be allowed in special cases.
399,3306,1,1,73,3,5,1,2,1,1,1,17,10,8,9,3,Abortion should be an option for women in any case.
400,5501,1,1,64,2,6,7,2,1,1,2,17,1,6,19,2,Abortion should always be prohibited.
401,3885,1,2,30,1,4,6,2,1,1,2,5,11,6,17,2,Abortion should only be allowed in special cases.
402,5597,1,2,78,1,7,6,1,1,1,2,48,1,3,8,1,Abortion should always be prohibited.
403,1090,1,2,80,4,4,5,4,1,1,2,27,1,7,9,2,Abortion should always be prohibited.
404,3100,1,2,57,4,4,3,2,-9,1,1,17,1,1,5,3,Abortion should be an option for women in any case.
405,4559,1,2,80,2,6,7,1,2,1,2,36,1,2,9,2,Abortion should always be prohibited.
406,3334,1,1,50,2,6,6,2,1,1,2,1,1,2,16,2,Abortion should always be prohibited.
407,3877,1,1,48,3,2,1,1,2,1,1,17,1,6,13,3,Abortion should be an option for women in any case.
408,2728,1,2,71,3,4,1,2,2,2,1,8,2,2,-9,3,Abortion should only be allowed in special cases.
409,5545,1,1,64,2,6,7,1,1,1,2,53,1,5,7,2,Abortion should always be prohibited.
410,4405,1,1,47,1,7,7,2,1,1,2,26,1,3,22,1,Abortion should always be prohibited.
411,2952,1,1,64,3,2,2,3,2,1,1,17,11,6,22,2,Abortion should be an option for women in any case.
412,121,1,1,80,4,2,1,2,1,1,1,42,5,8,22,3,Abortion should be an option for women in any case.
413,2662,2,1,48,4,4,1,2,1,2,1,12,11,2,8,2,Abortion should be an option for women in any case.
414,2127,1,1,26,4,1,1,1,2,1,1,51,2,6,15,3,Abortion should be an option for women in any case.
415,1755,1,1,48,2,99,7,2,1,1,2,42,2,2,7,2,Abortion should always be prohibited.
416,4734,1,2,62,4,4,1,2,2,1,1,37,1,6,15,3,Abortion should be an option for women in any case.
417,465,1,1,41,3,3,1,2,2,1,1,17,2,3,15,2,Abortion should be an option for women in any case.
418,1047,1,2,47,2,7,7,2,1,1,2,36,1,6,19,2,Abortion should always be prohibited.
419,624,1,2,58,3,2,1,2,2,1,1,12,12,6,20,3,Abortion should be an option for women in any case.
420,4419,1,2,20,1,3,3,2,1,1,1,54,11,3,1,2,Abortion should be an option for women in any case.
421,794,1,2,80,4,6,7,2,1,1,2,42,1,3,16,2,Abortion should always be prohibited.
422,584,1,1,33,3,6,7,2,2,1,2,36,9,7,19,3,Abortion should always be prohibited.
423,2366,1,2,53,2,4,1,2,2,1,1,59,2,2,20,2,Abortion should be an option for women in any case.
424,3948,1,2,36,3,2,2,2,2,1,1,26,12,6,16,3,Abortion should be an option for women in any case.
425,1543,1,2,27,4,4,4,3,2,2,1,48,12,2,13,3,"Based on the given information, the person's political ideology is moderate, and their level of scholarity is High school graduate. Therefore, it is likely that this person's judgment regarding abortion would lean towards a moderate stance, which could suggest that they might believe that abortion should be an option for women in any case."
426,5585,1,1,62,4,4,3,2,2,1,1,55,12,8,22,3,Abortion should be an option for women in any case.
427,3921,3,2,42,4,6,7,1,1,1,2,48,1,6,9,1,Abortion should always be prohibited.
428,751,1,1,79,4,4,2,2,2,1,1,36,5,3,17,3,Abortion should be an option for women in any case.
429,5256,1,1,65,4,2,1,1,2,1,1,36,10,2,12,3,Abortion should be an option for women in any case.
430,712,2,1,67,2,99,1,2,1,1,1,22,11,2,8,2,Abortion should be an option for women in any case.
431,3630,4,2,47,3,4,1,1,2,1,1,36,8,8,22,2,Abortion should be an option for women in any case.
432,1407,6,2,42,3,99,2,3,1,1,1,12,11,2,8,3,"Based on the provided information, as the person's specific political ideology and party affiliation are not provided, and their political interest is not very strong, it is not possible to definitively determine their judgment regarding abortion."
433,1044,1,2,69,2,4,3,3,1,1,1,24,2,7,10,3,Abortion should only be allowed in special cases.
434,4291,3,1,50,4,4,4,2,1,1,2,59,5,7,17,3,"Given the information provided, it is difficult to accurately ascertain this person's judgment regarding abortion as the region of residence is listed as ""Another country"" rather than specifying a particular country. This could significantly impact cultural and legal perspectives on abortion."
435,3705,1,2,76,2,6,7,2,1,1,2,31,1,5,1,2,Abortion should always be prohibited.
436,1499,1,2,80,3,6,7,3,1,1,2,36,2,1,5,3,Abortion should always be prohibited.
437,1468,1,2,53,1,6,5,3,1,1,2,54,1,2,22,2,Abortion should always be prohibited.
438,3248,1,2,32,3,4,2,1,2,1,1,8,12,6,15,3,Abortion should be an option for women in any case.
439,2034,1,1,47,4,2,3,1,2,1,1,48,9,6,8,3,Abortion should be an option for women in any case.
440,4633,1,1,71,4,6,7,2,2,1,2,8,12,3,5,2,Abortion should always be prohibited.
441,5467,3,1,32,3,5,5,1,2,1,2,53,2,95,18,3,Abortion should only be allowed in special cases.
442,4668,6,2,31,2,99,2,2,2,1,1,37,11,7,1,3,Abortion should be an option for women in any case.
443,5267,1,2,50,2,3,3,4,2,1,1,48,10,7,21,3,Abortion should be an option for women in any case.
444,3360,2,1,46,4,3,1,2,2,1,1,36,12,3,6,3,Abortion should be an option for women in any case.
445,911,1,1,23,2,5,7,1,1,1,2,4,11,2,16,2,Abortion should always be prohibited.
446,4443,1,1,35,4,2,2,1,2,1,1,31,9,6,16,3,Abortion should be an option for women in any case.
447,848,1,2,41,2,4,2,3,1,1,2,40,1,7,19,2,Abortion should be an option for women in any case.
448,1038,1,1,80,3,3,3,3,1,1,1,48,1,8,17,3,Abortion should only be allowed in special cases.
449,3053,1,2,66,2,2,1,2,2,1,1,9,12,6,-9,3,Abortion should be an option for women in any case.
450,414,1,1,46,3,4,4,1,1,1,1,26,3,7,19,3,Abortion should only be allowed in special cases.
451,240,1,1,48,2,2,2,2,2,1,1,23,10,6,14,3,Abortion should be an option for women in any case.
452,3831,1,2,76,4,5,6,2,2,1,2,48,1,7,12,2,Abortion should only be allowed in special cases.
453,977,1,1,67,4,2,1,1,1,1,1,53,11,6,8,3,Abortion should be an option for women in any case.
454,2312,1,2,80,2,2,1,1,2,1,1,-9,10,6,9,3,Abortion should be an option for women in any case.
455,2543,1,1,21,2,6,7,2,2,1,1,9,1,6,22,2,Abortion should always be prohibited.
456,5264,-8,2,67,3,3,2,2,2,1,1,40,1,7,3,2,Abortion should be an option for women in any case.
457,5543,1,1,77,1,2,7,2,1,1,2,5,1,4,5,1,Abortion should always be prohibited.
458,4376,1,1,54,4,4,7,2,2,1,2,36,2,3,13,3,Abortion should always be prohibited.
459,2330,4,2,43,3,2,2,3,2,1,1,6,10,7,20,3,Abortion should be an option for women in any case.
460,4989,1,2,44,3,3,2,2,1,1,1,6,10,6,21,3,Abortion should be an option for women in any case.
461,5296,1,1,32,2,4,6,2,1,1,2,49,4,2,12,2,Abortion should always be prohibited.
462,2607,1,1,59,1,6,7,2,1,1,2,37,1,2,13,2,Abortion should always be prohibited.
463,1193,1,2,73,3,7,5,2,1,1,2,36,2,5,5,1,Abortion should always be prohibited.
464,4001,2,2,70,4,99,1,3,2,1,1,17,6,3,1,3,"Based on the provided information, it is difficult to accurately determine this person's judgment regarding abortion."
465,705,3,1,41,2,2,1,2,1,1,1,48,2,2,15,2,Abortion should be an option for women in any case.
466,1907,1,2,33,4,1,1,2,2,1,1,33,9,6,18,3,Abortion should be an option for women in any case.
467,925,1,1,53,4,6,5,1,2,1,3,41,1,6,20,2,Abortion should always be prohibited.
468,2902,1,2,44,1,2,2,4,2,1,1,39,11,7,17,3,Abortion should be an option for women in any case.
469,4567,1,2,41,2,6,7,2,1,1,2,37,1,3,17,1,Abortion should only be allowed in special cases.
470,1223,1,2,43,3,4,6,2,2,1,2,34,2,7,22,3,Abortion should only be allowed in special cases.
471,622,1,1,76,2,6,7,2,1,1,2,51,1,1,-9,1,Abortion should always be prohibited.
472,4466,1,2,29,4,2,3,2,2,1,1,20,11,7,19,3,Abortion should be an option for women in any case.
473,1281,1,1,61,3,5,6,2,1,1,2,20,1,6,-9,2,Abortion should only be allowed in special cases.
474,4220,1,1,56,3,5,7,3,1,1,1,26,2,7,21,2,Abortion should always be prohibited.
475,1509,1,2,39,1,7,7,2,1,1,2,1,11,3,16,2,Abortion should always be prohibited.
476,4087,1,1,28,4,4,5,1,2,1,3,38,10,2,15,3,Abortion should only be allowed in special cases.
477,2380,1,2,68,2,2,1,1,1,1,1,27,1,7,11,3,Abortion should be an option for women in any case.
478,1600,6,2,26,4,2,2,2,2,1,1,39,1,6,18,3,Abortion should be an option for women in any case.
479,208,1,1,77,1,6,5,3,2,1,2,37,1,6,5,2,Abortion should always be prohibited.
480,1209,1,1,43,4,99,7,3,1,1,2,36,2,2,10,3,Abortion should always be prohibited.
481,1075,1,1,74,3,6,7,3,2,1,2,6,10,6,12,3,Abortion should always be prohibited.
482,425,1,2,80,3,6,7,2,2,1,2,39,12,3,5,2,Abortion should always be prohibited.
483,1087,1,1,65,3,6,7,2,2,1,2,36,2,6,19,2,Abortion should always be prohibited.
484,896,3,1,46,4,3,3,2,1,1,1,35,10,6,20,3,Abortion should be an option for women in any case.
485,248,1,1,68,2,4,5,2,1,2,2,24,-9,2,7,3,Abortion should always be prohibited.
486,2095,1,2,80,1,4,6,2,2,1,2,59,1,2,4,2,Abortion should only be allowed in special cases.
487,2845,3,2,63,3,5,5,2,2,1,1,6,12,2,20,3,Abortion should only be allowed in special cases.
488,2758,3,2,45,4,99,1,2,2,1,1,6,12,6,21,3,Abortion should be an option for women in any case.
489,4011,1,1,69,2,6,7,2,1,2,2,53,1,7,16,2,Abortion should always be prohibited.
490,5568,1,1,65,4,3,3,2,1,1,1,36,1,4,20,3,Abortion should only be allowed in special cases.
491,4427,1,2,73,1,3,1,2,1,2,1,18,2,8,5,1,Abortion should only be allowed in special cases.
492,2311,1,2,69,4,99,4,3,1,2,2,6,2,6,1,1,Abortion should only be allowed in special cases.
493,4998,1,1,80,3,6,7,2,1,1,2,59,3,6,-9,2,Abortion should always be prohibited.
494,1328,3,2,30,4,99,2,4,2,1,1,6,12,6,16,3,"Since the political ideology and party affiliation are not provided, it is difficult to determine the individual's specific beliefs about abortion based on the information provided. However, based on the lack of strong political interest and the more neutral stance on political party affiliation, it could be inferred that this person may lean towards believing that abortion should be an option for women in any case."
495,4967,1,1,34,2,6,7,3,1,1,2,37,11,2,7,2,Abortion should always be prohibited.
496,2776,1,2,38,4,1,1,1,2,1,1,42,9,6,15,3,Abortion should be an option for women in any case.
497,1073,1,1,80,3,6,7,3,1,1,2,34,5,7,21,3,Abortion should always be prohibited.
498,2518,1,1,68,3,2,1,1,2,1,1,36,5,8,19,3,Abortion should be an option for women in any case.
499,2447,1,1,36,1,5,5,2,1,1,2,16,12,4,18,3,Abortion should always be prohibited.
500,2406,1,1,68,3,2,1,1,2,1,1,6,9,3,13,3,Abortion should be an option for women in any case.
501,4154,1,1,64,1,6,6,2,2,1,2,13,1,2,9,2,Abortion should always be prohibited.
502,2940,1,1,40,2,4,5,2,1,1,2,34,11,6,10,3,Abortion should only be allowed in special cases.
503,598,1,1,52,2,3,3,2,2,1,1,36,12,6,15,2,Abortion should be an option for women in any case.
504,2809,5,1,43,3,2,3,2,2,1,1,6,10,6,17,3,Abortion should be an option for women in any case.
505,102,1,2,55,3,99,2,3,1,1,2,17,2,4,15,2,"Since this person's political ideology and party preference are not provided, it is difficult to accurately determine their stance on abortion based on the information given. However, considering the lack of information on their political beliefs and the fact that they are Roman Catholic, a belief that is generally against abortion, it is plausible to assume that they might lean towards the idea that abortion should only be allowed in special cases."
506,1926,1,2,46,4,2,1,2,2,1,1,37,12,7,19,3,Abortion should be an option for women in any case.
507,681,1,1,56,3,99,2,3,1,1,1,34,2,3,15,3,"Since there is not enough information provided about the individual's political ideology, party, or interest, it is difficult to determine their stance on abortion based on the given information."
508,755,2,1,36,3,4,1,2,1,1,1,6,12,3,17,3,Abortion should be an option for women in any case.
509,747,1,2,41,2,3,1,3,2,1,1,56,11,6,18,3,Abortion should be an option for women in any case.
510,3809,1,1,64,2,3,1,2,2,1,1,37,9,6,11,3,Abortion should be an option for women in any case.
511,5398,1,1,29,3,4,5,2,2,1,1,27,1,2,3,3,Abortion should only be allowed in special cases.
512,5027,3,2,40,4,4,2,2,2,1,1,6,2,3,1,2,Abortion should only be allowed in special cases.
513,107,1,1,37,3,2,1,2,2,1,1,26,11,7,18,3,Abortion should be an option for women in any case.
514,29,2,2,56,4,4,1,2,1,1,1,42,11,5,4,1,Abortion should be an option for women in any case.
515,576,3,1,80,2,5,1,2,1,1,1,-9,2,2,5,3,"Based on the information provided, it is likely that this person's judgment regarding abortion would be that it should only be allowed in special cases."
516,5641,2,1,40,3,99,1,2,1,1,1,11,11,3,7,2,"Since the individual's political party is strong Democrat, it is likely that they would believe that abortion should be an option for women in any case."
517,5640,1,2,40,2,3,3,4,2,1,1,36,11,3,10,3,Abortion should be an option for women in any case.
518,1550,1,1,36,2,5,5,3,2,1,2,18,12,4,19,2,Abortion should always be prohibited.
519,4903,2,1,22,2,99,1,1,2,2,1,13,12,3,1,3,Abortion should be an option for women in any case.
520,1942,1,2,66,3,2,2,2,2,1,1,17,12,6,13,3,Abortion should be an option for women in any case.
521,2304,1,2,30,1,2,1,2,2,1,1,53,12,3,17,3,Abortion should be an option for women in any case.
522,2885,1,1,69,3,6,5,2,1,1,2,18,11,3,-9,2,Abortion should be an option for women in any case.
523,2865,3,2,39,2,2,3,1,2,1,1,35,10,6,13,3,Abortion should be an option for women in any case.
524,1412,1,1,77,3,99,7,2,1,1,2,39,1,6,9,2,Abortion should always be prohibited.
525,2145,1,2,80,2,6,6,3,1,1,2,42,1,2,12,2,Abortion should always be prohibited.
526,4712,1,2,67,3,4,1,1,1,1,1,36,2,4,9,3,Abortion should be an option for women in any case.
527,4189,3,1,60,3,1,1,1,1,1,1,36,11,8,21,3,Abortion should be an option for women in any case.
528,2228,1,1,73,4,2,1,2,1,1,1,17,2,8,11,2,Abortion should only be allowed in special cases.
529,1864,1,1,35,3,5,5,2,2,1,2,6,12,3,22,3,Abortion should only be allowed in special cases.
530,2580,1,1,20,2,5,7,1,2,1,2,19,1,3,7,2,Abortion should always be prohibited.
531,1330,1,2,80,3,6,7,1,1,1,2,36,2,6,22,2,Abortion should always be prohibited.
532,5419,1,1,64,3,6,5,1,2,1,2,12,1,6,17,3,Abortion should only be allowed in special cases.
533,3102,3,1,77,4,5,5,2,2,1,2,12,5,3,9,2,"Based on the given information, it is most likely that this person's judgment regarding abortion would be that abortion should be allowed in special cases."
534,90,1,1,54,2,6,7,2,1,1,2,55,1,2,19,1,Abortion should always be prohibited.
535,2100,1,2,56,3,4,3,3,2,1,1,6,9,7,14,3,Abortion should always be prohibited.
536,3669,1,2,39,2,6,7,3,1,1,2,12,1,6,1,2,Abortion should always be prohibited.
537,4066,1,2,64,3,5,6,2,1,1,1,34,2,6,15,2,Abortion should only be allowed in special cases.
538,3834,1,2,48,2,6,7,2,1,1,2,28,11,7,10,1,Abortion should always be prohibited.
539,69,1,1,58,2,3,3,1,2,1,1,25,10,3,18,2,Abortion should be an option for women in any case.
540,5652,1,1,76,1,4,4,1,2,1,1,48,10,8,4,3,Abortion should only be allowed in special cases.
541,893,1,1,31,4,1,1,1,2,1,1,13,9,7,22,3,Abortion should be an option for women in any case.
542,2644,2,2,52,1,4,7,2,1,1,2,22,2,2,11,2,Abortion should always be prohibited.
543,3619,1,1,70,2,7,7,1,2,1,2,31,1,6,13,2,Abortion should always be prohibited.
544,293,5,2,43,4,1,2,3,2,1,1,34,12,3,1,3,Abortion should be an option for women in any case.
545,5208,2,1,47,2,6,6,3,1,1,2,18,11,3,8,2,Abortion should always be prohibited.
546,812,1,1,71,4,2,1,2,2,1,1,55,12,6,15,3,Abortion should be an option for women in any case.
547,468,3,1,22,1,4,2,2,1,1,1,48,3,3,16,2,Abortion should always be prohibited.
548,2284,2,1,52,4,3,2,2,2,1,1,39,1,6,15,3,Abortion should be an option for women in any case.
549,4557,1,1,66,2,2,1,2,1,1,1,17,5,6,8,3,Abortion should be an option for women in any case.
550,3200,1,2,48,2,7,7,3,1,1,2,47,1,3,1,2,Abortion should always be prohibited.
551,245,2,2,32,4,2,1,2,2,1,1,25,3,7,1,3,Abortion should be an option for women in any case.
552,5141,6,1,73,1,7,7,2,2,1,2,6,1,8,10,2,Abortion should always be prohibited.
553,367,1,2,39,2,3,1,3,1,1,1,27,1,6,21,3,Abortion should be an option for women in any case.
554,3800,1,2,60,4,1,1,2,2,1,1,36,12,95,11,3,Abortion should be an option for women in any case.
555,4015,1,1,24,4,4,5,3,2,1,2,6,11,3,19,3,Abortion should be an option for women in any case.
556,5217,1,2,61,3,99,7,2,2,1,2,39,2,2,22,3,Abortion should always be prohibited.
557,1859,1,1,70,2,4,4,3,2,1,2,8,4,2,3,2,Abortion should only be allowed in special cases.
558,1438,6,1,29,3,2,1,3,2,1,1,25,9,6,18,3,Abortion should be an option for women in any case.
559,5121,1,1,59,1,5,5,2,1,1,2,53,11,2,2,1,Abortion should always be prohibited.
560,1886,1,1,51,2,6,5,2,1,1,2,25,12,2,3,2,Abortion should always be prohibited.
561,1694,1,2,43,2,2,1,3,1,1,1,26,2,5,5,3,Abortion should only be allowed in special cases.
562,577,1,2,60,1,99,7,3,2,2,2,42,11,2,13,3,Abortion should always be prohibited.
563,555,1,2,66,2,7,7,3,1,2,2,1,11,4,15,1,Abortion should always be prohibited.
564,2789,1,2,27,2,4,3,2,2,1,1,5,9,3,11,3,Abortion should be an option for women in any case.
565,2473,1,2,29,4,2,1,2,2,1,1,36,9,6,22,3,Abortion should be an option for women in any case.
566,5586,3,1,32,4,5,5,3,1,1,2,48,1,8,11,2,Abortion should always be prohibited.
567,3247,1,1,71,1,7,7,2,1,1,2,48,4,3,22,2,Abortion should always be prohibited.
568,4074,1,1,37,3,3,5,2,1,1,1,19,12,6,22,3,Abortion should be an option for women in any case.
569,2313,1,2,62,1,6,5,2,1,1,2,55,2,7,19,2,Abortion should only be allowed in special cases.
570,1319,2,2,55,3,4,2,2,1,1,1,28,11,3,1,1,Abortion should be an option for women in any case.
571,1097,3,1,31,3,4,1,2,1,1,1,34,2,6,19,2,Abortion should be an option for women in any case.
572,4994,1,1,47,2,6,7,3,1,1,2,37,1,6,15,2,Abortion should always be prohibited.
573,151,1,1,61,3,5,6,2,2,1,2,17,10,3,15,2,Abortion should be an option for women in any case.
574,800,3,1,53,4,4,5,3,1,2,4,12,1,4,1,1,Abortion should be allowed in special cases.
575,2874,1,2,54,3,2,1,1,2,1,1,25,11,4,18,3,Abortion should be an option for women in any case.
576,5307,1,2,66,1,7,7,2,1,1,2,39,11,4,-9,2,Abortion should always be prohibited.
577,1803,4,1,57,2,99,6,2,1,1,2,37,1,4,16,2,"Given the information provided, it is unclear to definitively determine this person's stance on abortion."
578,2225,4,1,33,3,1,1,2,1,1,1,55,6,8,13,3,Abortion should be an option for women in any case.
579,4264,1,1,80,2,7,7,1,1,1,2,18,1,3,4,2,Abortion should always be prohibited.
580,3849,1,1,41,3,4,4,3,1,1,1,49,4,6,22,2,Abortion should only be allowed in special cases.
581,5532,1,1,55,4,4,2,2,1,1,1,18,1,6,20,2,Abortion should only be allowed in special cases.
582,5014,6,1,35,4,4,5,2,1,1,3,48,11,7,20,2,Abortion should be an option for women in any case.
583,3683,6,2,36,2,2,1,2,2,1,1,6,11,3,1,2,Abortion should be an option for women in any case.
584,4418,1,1,65,3,7,7,1,2,1,2,20,1,3,5,2,Abortion should always be prohibited.
585,1109,1,2,37,2,6,1,3,1,1,2,29,11,6,11,1,Abortion should be an option for women in any case.
586,1197,1,1,70,4,3,7,2,1,1,2,42,1,6,19,3,Abortion should always be prohibited.
587,1272,1,2,80,1,99,6,2,1,2,1,17,1,7,15,3,Abortion should be an option for women in any case.
588,3482,1,2,66,4,1,1,3,2,1,1,25,3,5,10,3,Abortion should be an option for women in any case.
589,1971,2,2,59,3,4,1,2,1,1,1,28,1,7,16,3,Abortion should only be allowed in special cases.
590,491,3,1,72,4,4,4,2,1,2,1,59,2,3,20,2,Abortion should always be prohibited.
591,1436,4,2,39,1,7,7,2,1,2,2,59,2,6,14,2,Abortion should always be prohibited.
592,471,1,2,69,4,6,7,2,1,1,2,41,2,3,19,2,"Based on the information provided, the best expression of this person's judgment regarding abortion would be: Abortion should always be prohibited."
593,2671,1,2,37,3,3,2,2,2,1,1,51,12,8,19,3,Abortion should be an option for women in any case.
594,1199,1,2,67,3,2,1,2,2,1,1,42,11,7,21,3,Abortion should be an option for women in any case.
595,4863,1,1,28,2,99,4,4,2,2,2,27,12,4,15,3,"Based on the information provided, it is difficult to definitively determine this person's judgment regarding abortion as their political ideology and interest in politics are not specified. However, given their lack of interest in politics and the absence of a specified political ideology, they may be more likely to believe that abortion should always be prohibited or that it should only be allowed in special cases."
596,4684,1,2,42,2,4,7,2,1,1,2,45,11,4,9,2,Abortion should only be allowed in special cases.
597,251,1,2,73,2,3,1,3,2,1,1,50,10,2,10,3,Abortion should be an option for women in any case.
598,4726,1,2,42,2,2,4,2,2,1,1,45,12,2,18,3,Abortion should be an option for women in any case.
599,1448,1,1,34,4,2,1,1,2,1,1,6,9,7,21,3,Abortion should be an option for women in any case.
600,3935,2,2,36,4,2,2,2,1,1,1,45,11,6,6,3,Abortion should be an option for women in any case.
601,2826,3,2,26,1,6,5,1,1,1,2,16,11,2,22,2,Abortion should always be prohibited.
602,227,3,2,53,3,6,1,3,1,2,1,59,12,2,-9,1,Abortion should always be prohibited.
603,1820,1,2,37,2,1,3,2,2,1,1,19,9,7,9,3,Abortion should be an option for women in any case.
604,3063,1,1,48,3,5,1,1,1,1,1,6,11,6,17,3,Abortion should be an option for women in any case.
605,1879,1,1,68,2,3,1,1,2,1,1,40,11,5,16,3,Abortion should be an option for women in any case.
606,4497,1,1,73,4,3,3,2,2,1,1,42,9,95,-9,3,Abortion should be an option for women in any case.
607,2968,1,2,57,1,6,7,3,1,1,2,38,1,5,21,3,Abortion should always be prohibited.
608,3119,1,1,70,1,5,4,1,1,1,3,26,1,3,4,3,Abortion should only be allowed in special cases.
609,5363,3,2,47,4,4,6,3,1,2,2,59,1,5,13,2,Abortion should be an option for women in any case.
610,724,1,2,66,1,2,7,2,1,1,2,51,11,3,5,1,Abortion should always be prohibited.
611,3034,1,2,73,4,5,5,2,1,1,2,18,1,3,22,3,Abortion should always be prohibited.
612,3815,1,2,42,3,5,6,2,2,1,1,17,2,5,21,3,Abortion should only be allowed in special cases.
613,3463,1,1,65,2,3,1,2,2,1,1,34,2,6,19,3,Abortion should only be allowed in special cases.
614,4322,5,1,61,4,2,1,1,2,1,2,25,3,7,18,3,Abortion should be an option for women in any case.
615,292,3,1,24,4,3,3,2,2,1,1,12,12,3,10,3,Abortion should be an option for women in any case.
616,4245,1,1,46,3,3,2,2,1,1,1,41,1,6,19,2,Abortion should be an option for women in any case.
617,549,1,2,48,2,6,5,2,2,1,2,20,12,3,5,2,Abortion should always be prohibited.
618,3973,1,2,61,3,5,4,1,2,1,1,34,5,6,11,2,Abortion should be an option for women in any case.
619,1425,1,2,33,2,6,6,3,1,1,2,40,1,3,3,2,Abortion should always be prohibited.
620,4481,3,2,35,4,2,2,2,2,1,1,26,1,5,10,3,Abortion should be an option for women in any case.
621,1176,1,2,56,2,99,7,2,1,1,2,45,11,2,10,2,Abortion should always be prohibited.
622,5347,1,1,65,3,6,5,1,1,1,1,25,1,6,9,2,Abortion should always be prohibited.
623,1892,1,2,45,1,7,7,3,1,1,2,37,11,7,3,1,Abortion should always be prohibited.
624,3711,4,1,74,4,2,3,2,2,1,1,6,7,8,13,3,Abortion should be an option for women in any case.
625,1643,1,1,54,1,4,2,3,2,1,1,26,11,2,15,1,Abortion should always be prohibited.
626,1962,1,2,45,4,5,7,2,2,1,2,47,11,3,10,2,Abortion should only be allowed in special cases.
627,5002,1,2,46,3,3,1,2,1,1,1,6,1,6,21,3,Abortion should be an option for women in any case.
628,3148,1,1,51,2,6,7,2,1,1,2,42,1,3,18,1,Abortion should always be prohibited.
629,1483,1,1,68,4,2,1,2,2,1,1,34,9,8,1,3,Abortion should be an option for women in any case.
630,4578,1,2,42,4,2,3,2,2,1,1,34,5,7,20,3,Abortion should be an option for women in any case.
631,2042,1,1,66,1,3,2,1,2,1,1,17,1,2,9,3,Abortion should always be prohibited.
632,5412,1,2,58,4,2,1,1,2,1,1,36,11,95,2,3,Abortion should be an option for women in any case.
633,2977,1,1,58,1,6,7,1,1,1,2,34,1,3,22,2,Abortion should always be prohibited.
634,5304,1,1,70,2,6,5,1,1,1,2,6,2,3,4,1,Abortion should always be prohibited.
635,613,1,1,67,3,4,1,2,2,1,1,59,6,2,10,2,Abortion should be an option for women in any case.
636,1729,4,1,73,2,4,1,3,1,2,2,59,11,6,17,3,Abortion should be an option for women in any case.
637,5341,1,1,49,3,3,2,2,1,1,1,39,11,3,2,2,Abortion should be an option for women in any case.
638,3660,1,1,42,4,2,2,3,2,1,1,8,12,1,18,3,Abortion should be an option for women in any case.
639,3871,3,2,27,3,99,1,2,2,1,1,48,12,4,10,3,Abortion should be an option for women in any case.
640,5651,1,2,70,4,2,1,1,2,1,1,36,1,7,17,3,Abortion should be an option for women in any case.
641,505,1,2,80,4,4,1,1,1,1,1,6,2,6,22,2,Abortion should only be allowed in special cases.
642,1433,1,2,33,2,1,1,1,2,1,1,48,1,6,17,3,Abortion should be an option for women in any case.
643,655,1,1,52,3,4,7,2,1,1,2,26,3,2,10,3,Abortion should always be prohibited.
644,3626,1,1,37,3,4,4,2,1,1,2,29,1,6,-9,2,Abortion should be an option for women in any case.
645,3074,1,2,71,1,6,7,2,1,1,2,47,11,3,14,1,Abortion should always be prohibited.
646,5251,1,1,80,4,6,7,2,2,1,2,6,1,3,12,2,Abortion should always be prohibited.
647,3458,1,1,57,3,99,3,2,1,2,1,1,6,6,4,1,Abortion should only be allowed in special cases.
648,5111,1,1,72,1,6,7,1,2,1,2,42,2,7,15,2,Abortion should always be prohibited.
649,106,3,1,49,3,4,2,2,2,1,1,36,2,3,20,3,Abortion should only be allowed in special cases.
650,4781,1,2,32,4,2,1,1,2,1,1,48,12,7,15,3,Abortion should be an option for women in any case.
651,881,1,2,28,4,2,1,1,2,1,1,48,10,6,14,3,Abortion should be an option for women in any case.
652,4984,1,1,57,3,6,5,3,1,1,2,41,1,7,21,2,Abortion should always be prohibited.
653,4479,4,2,32,1,3,2,2,1,1,1,59,3,6,17,3,Abortion should be an option for women in any case.
654,932,1,1,42,2,3,1,2,2,1,1,55,10,6,10,3,Abortion should be an option for women in any case.
655,5285,1,2,66,2,3,3,2,1,1,1,30,11,7,17,2,Abortion should be an option for women in any case.
656,5204,1,2,72,2,4,3,2,2,1,1,6,1,5,1,3,Abortion should be an option for women in any case.
657,2623,3,2,20,4,3,2,3,2,1,1,32,5,2,8,3,Abortion should be an option for women in any case.
658,3940,1,2,76,4,99,5,2,2,1,1,42,1,2,-9,2,Abortion should always be prohibited.
659,3528,6,1,21,3,3,3,2,2,1,1,55,2,3,16,3,Abortion should be an option for women in any case.
