,Unnamed: 0.1,race,sexo,edad,zona_u_r,iden_pol_2,iden_pol_3,interes_pol_1_b,church,discuss_politics,elec_pres_144_a,nom_region,religion_82,esc_nivel_1,gse,pred
0,3528,1,1,38,4,5,6,3,2,1,2,25,2,6,16,"Based on the information provided, it is most likely that this person voted for Donald Trump in the 2020 United States presidential election."
1,5435,1,1,61,2,6,6,1,1,1,2,34,2,3,18,Donald Trump
2,5260,1,2,47,3,4,4,2,1,1,1,42,2,6,14,"Given that this person is an independent with a moderate political ideology, it is difficult to determine their choice without more specific information. However, based on the general trends, they could have potentially voted for Joe Biden."
3,2721,1,2,61,3,2,2,2,2,1,1,6,2,3,22,"Based on the information provided, this person most likely voted for Joe Biden in the 2020 United States presidential election."
4,3149,1,1,77,3,2,1,1,1,1,1,26,2,8,20,Joe Biden
5,1926,1,1,55,3,99,3,4,2,1,1,6,11,2,16,Joe Biden
6,1209,1,1,54,3,2,1,1,2,1,1,42,9,6,22,Joe Biden
7,5401,4,1,64,3,3,1,1,2,1,1,59,7,6,12,Joe Biden
8,4704,1,1,75,4,2,1,2,2,1,1,51,5,4,10,Joe Biden
9,4705,2,1,69,3,99,1,3,2,1,1,42,-9,6,16,"Given the individual's strong affiliation with the Democratic party, it is likely that they voted for Joe Biden in the 2020 United States presidential election."
10,626,2,2,79,4,3,1,2,2,1,1,1,11,2,4,Joe Biden
11,5219,1,1,49,3,6,6,3,1,1,2,27,2,6,15,Donald Trump
12,2781,1,2,56,4,4,1,1,1,1,1,6,1,2,16,Joe Biden
13,5653,1,1,73,2,6,5,1,1,1,2,12,1,6,18,"Based on the information provided, this person likely voted for Donald Trump in the 2020 United States presidential election."
14,5684,1,2,48,2,3,2,2,2,1,1,26,2,3,18,"Based on the information provided, it is likely that this person voted for Joe Biden in the 2020 United States presidential election."
15,4655,1,2,43,2,7,7,2,1,1,2,1,11,6,15,Donald Trump
16,1564,1,2,80,2,1,1,2,1,1,1,17,11,6,11,Joe Biden
17,4844,1,2,69,1,6,7,2,1,1,2,48,1,3,16,Donald Trump
18,3844,1,2,80,4,2,1,1,2,1,1,36,5,8,22,Joe Biden
19,5361,1,2,64,3,6,6,3,1,1,2,55,11,5,9,"Based on the information provided, it is likely that this person voted for Donald Trump in the 2020 United States presidential election."
20,1421,1,1,69,1,5,4,4,2,1,2,27,12,6,-9,"It is difficult to determine with certainty which candidate this person voted for, as their political party affiliation is listed as independent and they have stated that they are not at all interested in politics. However, based on their slightly conservative political ideology and the demographics of their region (being in a rural area in Minnesota), they may have been more likely to lean towards voting for Donald Trump in the election."
21,1158,1,2,80,2,2,1,2,1,1,1,36,5,8,-9,Joe Biden
22,3076,1,2,63,3,7,7,2,1,1,2,36,1,6,10,Donald Trump
23,5749,1,1,80,3,1,2,1,1,1,1,36,2,6,11,Joe Biden
24,2575,1,1,70,1,6,7,2,2,2,2,4,12,4,10,Donald Trump
25,3977,1,2,27,2,3,3,2,1,1,1,55,1,6,13,"Based on the information provided, this person likely voted for Joe Biden in the 2020 United States presidential election."
26,808,1,2,65,4,1,1,1,2,1,1,6,9,6,3,Joe Biden
27,5803,1,2,28,4,6,5,1,2,1,2,25,2,6,14,"Based on the information provided, it is likely that this person voted for Donald Trump in the 2020 United States presidential election."
28,4761,1,1,64,1,4,3,2,2,1,1,34,2,5,14,"Based on the information provided, this person may have voted for Joe Biden in the 2020 United States presidential election."
29,538,1,2,59,2,2,1,2,2,1,1,-9,12,3,-9,"Based on the provided information, it is likely that this person voted for Joe Biden in the 2020 United States presidential election."
30,3161,3,1,60,2,4,4,3,2,1,1,53,11,2,9,"Since the person is not very interested in politics, it is difficult to determine for certain who they voted for in the election. However, based on their moderate political ideology and being an independent voter, they could have potentially voted for Joe Biden, Donald Trump, or a third-party candidate like Jo Jorgensen or Howie Hawkins depending on their personal beliefs and inclinations at the time of the election."
31,4945,1,1,41,4,2,1,2,2,1,1,17,12,8,22,Joe Biden
32,2458,1,2,31,3,6,7,1,1,1,2,47,1,6,17,Donald Trump
33,3697,1,2,75,4,99,6,3,2,1,2,20,1,3,1,"Given the information provided, it is not explicitly clear which candidate this person voted for in the election, as their political ideology and party strength are not indicated. However, based on their socioeconomic status, region of residence, and general demographic profile, it is possible that they may have leaned towards voting for Donald Trump."
34,1186,1,1,39,1,2,1,2,2,1,1,50,12,2,7,Joe Biden
35,794,3,1,33,4,6,7,1,1,1,2,12,11,5,8,Donald Trump
36,2236,2,2,44,3,1,1,1,1,1,1,17,1,7,19,Joe Biden
37,2792,1,1,29,3,2,6,3,2,1,2,17,2,3,17,"Based on the information provided, it is difficult to determine for certain which candidate this person voted for in the election. However, given their political ideology and party affiliation as a not very strong Republican, they might have leaning towards voting for Donald Trump."
38,1319,3,2,57,3,3,1,2,-9,1,1,6,2,7,16,Joe Biden
39,5464,1,1,65,4,2,1,1,2,1,1,36,10,2,12,Joe Biden
40,3050,1,2,72,4,4,4,1,1,1,1,48,1,7,-9,"Based on the information provided, it is likely that this person voted for Joe Biden in the 2020 United States presidential election."
41,1919,2,2,58,2,4,3,2,1,1,1,28,12,3,1,Joe Biden
42,2436,1,2,56,1,99,7,2,1,1,2,36,2,2,3,Donald Trump
43,1720,4,1,54,4,4,2,2,1,2,1,42,7,7,11,"Based on the information provided, it is difficult to determine with certainty which candidate this person voted for in the election. However, given that they have a moderate political ideology and are not very strong Democrat, they may have been more likely to vote for Joe Biden in the election."
44,23,1,2,46,4,2,1,1,2,1,1,16,1,7,4,Joe Biden
45,177,1,2,79,2,7,7,1,1,1,2,55,11,6,14,Donald Trump
46,157,1,2,48,3,99,5,4,2,1,2,6,12,3,16,"It's likely that this person did not vote in the election as they expressed being ""not at all interested"" in politics."
47,2103,1,1,57,3,7,7,1,2,1,2,6,1,6,21,Donald Trump
48,3539,3,2,49,3,99,2,2,2,1,1,17,11,3,11,Joe Biden
49,2841,1,1,79,3,3,3,1,1,1,1,36,2,3,14,Joe Biden
50,3148,1,2,53,1,99,6,4,2,2,2,6,2,2,1,"Based on the information provided, it is difficult to determine with certainty which candidate this person may have voted for in the 2020 United States presidential election. However, given their location in California (a traditionally Democratic-leaning state) and lack of strong political interest, they may have been more likely to have voted for Joe Biden."
51,2842,1,1,45,3,6,6,2,1,1,2,42,11,7,21,Donald Trump
52,3917,1,2,41,3,3,2,3,2,1,1,41,1,6,21,"Based on the information provided, this person likely voted for Joe Biden in the 2020 United States presidential election."
53,5556,1,1,65,3,6,5,1,1,1,1,25,1,6,9,"Based on the provided information, this person is more likely to have voted for Donald Trump in the 2020 United States presidential election."
54,2245,1,2,58,4,4,3,2,2,1,1,48,1,4,21,Joe Biden
55,5262,1,1,72,2,99,6,3,1,1,1,42,2,6,-9,It is not possible to determine with certainty which candidate this person voted for since they did not disclose their political ideology or party affiliation.
56,4741,1,2,71,3,3,1,1,1,1,1,36,5,5,4,Joe Biden
57,622,1,2,24,2,1,1,1,2,1,1,25,10,2,-9,Joe Biden
58,1047,1,2,59,2,6,7,1,1,1,2,17,1,7,12,Donald Trump
59,296,4,2,39,4,1,1,2,2,1,1,-9,10,7,19,Joe Biden
60,506,-9,2,80,2,5,7,2,1,1,2,55,2,3,-9,"Based on the given information, it is likely this person voted for Donald Trump in the 2020 United States presidential election."
61,239,1,1,80,2,99,1,2,2,2,1,41,12,2,5,Joe Biden
62,907,3,1,23,3,2,1,1,2,1,1,12,2,6,11,Joe Biden
63,2223,1,1,60,3,5,5,2,1,1,2,6,1,8,21,Donald Trump
64,3755,1,2,47,1,7,7,2,1,1,2,13,11,2,-9,"In this case, the person most likely voted for Donald Trump in the 2020 United States presidential election."
65,1728,3,2,50,4,99,2,3,1,2,1,48,11,3,4,"It is difficult to determine who this person voted for in the election without knowing their political ideology or party preference. Since their political ideology is not provided and their party preference is not very strong Democrat, it is unclear whether they would have voted for Joe Biden or another candidate."
66,2098,1,2,61,2,5,6,2,1,1,2,53,1,5,7,It is likely that this person voted for Donald Trump in the 2020 United States presidential election.
67,5600,1,1,23,3,6,7,2,1,1,2,18,1,6,20,Donald Trump
68,2284,3,1,63,3,5,5,2,2,1,1,35,2,6,16,It is likely that this person voted for Donald Trump in the 2020 United States presidential election.
69,2348,1,2,33,3,6,7,4,2,1,2,29,2,7,21,"Since the individual's political party and political ideology align with the Republican party and the candidate Donald Trump, it can be assumed that they voted for Donald Trump in the 2020 United States presidential election."
70,1163,1,-9,62,2,4,4,1,2,1,1,-9,12,5,-9,"Since the information provided does not specify the individual's region of residence, socioeconomic status, or political party affiliation, it is difficult to determine which candidate they may have voted for. However, based on their moderate political ideology and interest in politics, they may have been more likely to vote for Joe Biden or one of the third-party candidates like Jo Jorgensen or Howie Hawkins."
71,5676,1,2,58,1,99,7,3,2,1,2,42,1,2,14,Donald Trump
72,346,1,2,46,2,7,7,2,1,1,2,55,2,4,16,Donald Trump
73,5011,1,2,65,3,2,1,1,2,1,1,19,9,8,1,Joe Biden
74,5851,1,2,67,1,4,1,2,2,1,1,42,2,2,6,Joe Biden
75,1406,1,2,50,3,4,7,1,2,1,1,26,1,8,22,Donald Trump
76,3459,1,1,27,4,1,3,1,2,1,1,17,5,8,-9,Joe Biden
77,5652,5,2,30,1,5,6,1,1,1,1,40,1,3,11,"Based on the provided information, it is likely that this person voted for Donald Trump in the 2020 United States presidential election."
78,2366,2,1,52,4,3,2,2,2,1,1,39,1,6,15,Joe Biden
79,1756,1,2,64,1,7,7,1,1,1,2,54,1,2,16,Donald Trump
80,84,5,1,66,2,6,5,2,1,1,2,-9,1,5,19,"Based on the information provided, it is likely that this person voted for Donald Trump in the 2020 United States presidential election."
81,393,1,2,67,2,6,7,1,1,1,2,25,2,5,1,Donald Trump
82,5285,5,2,60,3,4,2,2,2,1,1,59,6,3,15,"Since the individual resides in another country, they would not be eligible to vote in the United States presidential election."
83,319,3,2,80,4,7,1,3,1,1,1,48,2,1,1,Joe Biden
84,1420,1,1,80,4,4,4,2,2,1,1,59,2,2,9,"Since this individual resides in another country, they would not have been eligible to vote in the United States presidential election."
85,4599,1,1,43,4,6,6,2,2,1,2,38,11,3,10,Donald Trump
86,3181,1,2,35,4,6,7,2,1,1,2,21,1,8,20,Donald Trump
87,4190,1,2,54,1,5,7,3,2,1,2,6,1,6,10,Donald Trump
88,3774,1,2,32,1,2,1,2,2,1,1,39,1,7,17,Joe Biden
89,5326,2,1,48,4,4,1,2,1,1,1,6,11,3,1,Joe Biden
90,3340,1,2,24,2,6,7,3,2,1,2,55,11,3,22,Donald Trump
91,1732,6,1,28,3,2,1,4,2,2,1,25,12,6,2,"Based on the information provided, it is most likely that this person voted for Joe Biden in the 2020 United States presidential election, as they identify as a strong Democrat."
92,3428,1,2,64,1,4,7,2,1,1,2,37,11,1,1,"Based on the information provided, this person likely voted for Donald Trump in the 2020 United States presidential election."
93,889,1,2,49,2,3,3,2,2,1,1,17,1,6,15,Joe Biden
94,199,1,2,62,2,7,7,2,1,1,2,26,11,6,6,Donald Trump
95,4993,3,1,35,3,4,4,2,2,1,1,26,10,6,19,"Based on the information provided, it is difficult to determine definitively which candidate this person voted for in the 2020 United States presidential election, as they identify as an independent with a moderate political ideology. However, based on their demographics and political interest level, it is possible that they may have voted for Joe Biden or potentially a third-party candidate like Jo Jorgensen."
96,2554,1,2,67,4,99,7,1,1,1,2,54,1,1,-9,"Based on the information provided, it is likely that this person voted for Donald Trump in the 2020 United States presidential election."
97,4449,1,1,50,3,7,7,2,1,1,2,28,1,3,5,Donald Trump
98,1362,1,2,79,2,2,1,2,2,1,1,42,1,2,-9,Joe Biden
99,1302,2,2,80,2,4,3,2,1,1,1,28,11,2,2,Joe Biden
100,2080,1,2,62,3,7,7,1,1,1,2,9,1,7,15,Donald Trump
101,3193,1,2,45,2,5,6,1,1,1,2,48,1,3,7,"Based on the information provided, it is likely that this person voted for Donald Trump in the 2020 United States presidential election."
102,420,1,2,54,2,5,5,2,1,1,2,19,2,7,22,"Based on the information provided, it is likely that this person voted for Donald Trump in the 2020 United States presidential election."
103,2618,1,1,72,3,3,1,2,2,1,1,42,10,6,21,Joe Biden
104,2407,1,1,49,1,1,1,1,2,1,2,42,1,3,10,Joe Biden
105,4302,1,2,54,4,2,4,3,2,1,2,39,9,7,22,"Based on the information provided, it is difficult to determine for certain which candidate this person voted for in the election. However, given that they have liberal political ideology and are not very interested in politics, they may have been more inclined to vote for Joe Biden as he was the Democratic candidate in the election."
106,3033,1,1,30,4,1,2,2,2,1,1,25,3,7,19,Joe Biden
107,3984,1,1,52,2,7,7,2,1,1,2,48,1,3,10,Donald Trump
108,3806,1,2,66,1,2,3,1,1,1,1,34,12,3,9,Joe Biden
109,1328,1,2,45,1,5,7,3,1,1,2,48,11,2,11,"Given the information provided, this person most likely voted for Donald Trump in the 2020 United States presidential election."
110,3168,1,2,47,1,4,3,1,2,1,1,29,1,1,11,"It is difficult to determine the specific candidate this individual voted for in the election based on the given information. However, considering their political ideology and party affiliation as an independent-Democrat, it is more likely that they voted for Joe Biden."
111,79,1,2,37,2,6,7,2,1,1,2,16,4,4,7,Donald Trump
112,3489,1,2,28,1,5,6,3,1,1,2,45,1,7,4,"Based on the information provided, it is most likely that this person voted for Donald Trump in the 2020 United States presidential election."
113,3599,2,2,20,2,99,1,4,1,2,1,13,3,2,1,Joe Biden
114,2835,1,2,70,2,4,5,1,2,1,1,55,12,95,6,"It is difficult to determine for sure because this individual identifies as an independent-Republican, which could mean they have leanings towards both parties. Based on the information provided, this person may have chosen to vote for Donald Trump in the election. However, without explicit information on their final decision, their voting choice remains uncertain."
115,4466,1,1,50,3,2,1,2,2,1,1,6,9,6,21,Joe Biden
116,4327,1,1,41,2,6,6,3,2,1,2,29,11,5,19,"Based on the information provided, it is likely that this person voted for Donald Trump in the 2020 United States presidential election."
117,3989,4,1,18,3,3,2,2,1,1,1,17,2,2,22,"Since this person is described as being below the age of eligibility to vote in the United States (18 years old), they would not have been able to vote in the election."
118,787,1,2,61,2,5,5,2,1,1,2,18,2,7,18,"Without specific information on the candidate preferences of an ""independent-Republican"" voter, it is difficult to determine who this person specifically voted for in the election. However, based on the slight conservative ideology and being categorized as a Republican-leaning independent, they may have been more inclined to vote for Donald Trump."
119,4870,3,2,59,4,3,4,2,1,1,1,59,1,3,8,"Given that the individual resides in another country and is not a resident of the United States, they would not have been eligible to vote in the U.S. presidential election."
120,221,1,1,66,4,99,2,2,2,1,2,42,2,6,12,Joe Biden
121,3319,1,1,65,2,5,5,2,1,1,2,36,2,3,-9,"Based on the information provided, it is not possible to determine with certainty which candidate this person voted for in the 2020 United States presidential election. Given that the individual is slightly conservative and identifies as independent-Republican, they may have been more inclined to vote for Donald Trump. However, as an independent, they may have also considered other candidates such as Jo Jorgensen or even Joe Biden, depending on their views and priorities."
122,3107,3,2,39,3,4,5,4,1,2,2,6,3,3,20,"Since this person is not very interested in politics, it is difficult to determine for sure which candidate they voted for in the election. However, based on their background and the fact that they identify as an independent-Republican, it is possible that they may have voted for Donald Trump. It is important to note that without specific information or confirmation from the individual, it is not definitive."
123,1569,6,1,25,4,4,2,2,2,1,1,42,10,2,3,"Based on the information provided, this person's moderate political ideology and somewhat interested level of political interest suggest they may have voted for Joe Biden in the 2020 United States presidential election."
124,1090,3,1,39,1,99,7,4,1,2,2,40,12,2,1,Donald Trump
125,1662,1,1,55,3,7,7,2,1,1,2,22,1,3,14,Donald Trump
126,1199,1,2,61,3,7,7,3,1,1,2,36,2,3,10,"Based on the information provided, it is likely that this person voted for Donald Trump in the 2020 United States presidential election."
127,1499,1,2,65,1,5,5,2,2,1,2,55,2,4,15,"Based on the information provided, it is likely that this person voted for Donald Trump in the 2020 United States presidential election."
128,3396,1,2,70,4,7,7,1,1,1,2,19,1,5,17,Donald Trump
129,3365,1,2,63,2,6,7,2,1,1,2,6,1,3,8,Donald Trump
130,5774,1,2,60,2,7,6,3,2,1,2,13,1,6,16,"Given the information provided, it is likely that this individual would have voted for Donald Trump in the 2020 United States presidential election."
131,3441,1,2,41,3,5,6,2,2,1,2,47,9,4,20,"Given the information provided, it is likely that this person voted for Donald Trump in the 2020 United States presidential election."
132,465,1,1,80,4,4,5,2,2,1,1,16,12,7,10,Donald Trump
133,2574,2,2,58,4,4,1,2,2,1,1,48,11,6,4,Joe Biden
134,4313,1,1,24,4,4,6,1,2,1,1,31,2,7,6,"Based on the provided information, this person most likely voted for Joe Biden in the 2020 United States presidential election."
135,1559,6,2,30,2,3,2,2,2,1,1,27,10,3,13,"Given the information provided, it is difficult to definitively determine which candidate this person voted for as they lean slightly liberal but are not very strong Democrat. However, based on their demographics and political ideology, it is possible they may have leaned towards voting for Joe Biden."
136,2802,1,2,59,3,2,1,2,1,1,1,11,1,7,21,Joe Biden
137,1487,1,2,33,2,1,1,1,2,1,1,48,1,6,17,Joe Biden
138,3700,1,2,59,4,99,4,3,1,1,2,9,1,2,-9,"Since this individual does not disclose their political ideology or party affiliation and indicates they are not very interested in politics, it is difficult to determine with certainty which candidate they voted for in the election. However, given their demographic information, they could have potentially voted for either Joe Biden, Donald Trump, or one of the third-party candidates (Jo Jorgensen or Howie Hawkins)."
139,5884,1,2,49,3,2,1,2,1,1,1,42,1,7,16,Joe Biden
140,5615,5,1,40,1,7,5,2,1,1,2,26,11,4,14,"Based on the information provided, this person most likely voted for Donald Trump in the 2020 United States presidential election."
141,1468,1,1,69,2,6,7,1,2,1,2,39,2,5,-9,Donald Trump
142,3407,1,1,50,3,4,4,2,1,1,1,39,1,6,12,"Based on the information provided, it is not possible to definitively determine which candidate this person voted for in the 2020 United States presidential election since they are an independent and their political ideology is described as moderate. Independents can vote for candidates from either major party or third-party candidates, depending on their individual preferences and beliefs."
143,3297,1,1,30,2,4,3,4,1,1,1,34,12,6,6,It is most likely that this person voted for Joe Biden.
144,3795,1,1,42,4,2,2,3,2,1,1,8,12,1,18,Joe Biden
145,3614,4,2,29,3,2,1,1,2,1,1,6,7,6,22,Joe Biden
146,5789,1,1,42,2,5,6,2,1,1,2,39,12,2,20,Donald Trump
147,4262,1,1,21,3,4,-8,3,2,1,1,34,6,3,10,"If this person was not very interested in politics and did not affiliate with any specific political party, it is unlikely that they voted in the election. However, if they did vote, based on their moderate political ideology, they may have been more inclined to vote for Joe Biden."
148,5328,2,2,48,3,2,3,2,2,1,1,17,12,5,19,Joe Biden
149,1672,5,1,66,4,6,7,4,2,1,2,36,12,5,7,"Based on the information provided, this individual would likely have voted for Donald Trump in the 2020 United States presidential election."
150,3727,1,1,39,3,6,6,2,1,1,2,36,5,2,17,Donald Trump
151,2771,1,2,68,4,4,1,1,1,1,1,17,11,6,-9,Joe Biden
152,3426,1,1,46,3,5,5,4,2,2,2,56,12,3,17,"Based on the information provided, it is likely that this person voted for Donald Trump in the 2020 United States presidential election."
153,1183,4,1,58,4,3,1,1,2,1,1,6,10,8,21,Joe Biden
154,2656,1,2,71,1,7,7,2,1,1,2,18,1,3,10,Donald Trump
155,1393,2,1,45,3,2,1,2,1,1,1,48,10,5,22,Joe Biden
156,5314,1,2,62,2,7,7,2,1,1,2,6,11,4,1,Donald Trump
157,4882,1,2,80,1,7,7,2,1,1,2,29,2,2,7,"Given the individual's political ideology and party affiliation, it is likely that this person voted for Donald Trump in the 2020 United States presidential election."
158,1142,3,1,31,3,4,1,2,1,1,1,34,2,6,19,Joe Biden
159,805,2,1,31,3,1,1,3,2,1,1,6,11,3,13,"Given the individual's strong Democrat affiliation, it is likely that they voted for Joe Biden in the 2020 United States presidential election."
160,1544,3,2,62,2,99,1,3,1,1,1,57,1,2,5,Puerto Rico residents cannot vote in the United States presidential election as Puerto Rico is a territory of the U.S. and its residents do not vote in the presidential election.
161,2121,1,2,70,3,4,1,2,2,1,1,8,12,2,11,Joe Biden
162,2915,1,2,32,2,99,4,3,2,1,3,26,10,6,11,"Since the political ideology was not specified and the person is independent, it is difficult to determine for certain which candidate they voted for. However, based on the general characteristics provided, it is possible that this person may have voted for a third-party candidate like Jo Jorgensen or Howie Hawkins."
163,439,1,1,66,2,3,4,1,2,1,2,21,1,3,10,"Since this person is an independent voter with a slightly liberal political ideology, there is no definitive answer about who they voted for in the election. Independent voters can choose to vote for candidates from either major party or a third-party candidate based on their own beliefs and preferences."
164,101,1,1,62,1,6,7,1,1,1,2,24,2,6,20,Donald Trump
165,4221,1,2,52,2,3,4,3,2,1,1,6,1,2,2,"Based on the information provided, it is not possible to determine with certainty which candidate this person voted for in the 2020 United States presidential election. Given their slightly liberal political ideology and the fact that they are not very interested in politics, it is likely that they may have voted for Joe Biden, but this cannot be confirmed."
166,5670,1,2,20,4,99,6,3,2,1,2,55,11,2,17,"Since this person is a not very strong Republican and may not have strong political interest, they are more likely to have voted for Donald Trump in the 2020 United States presidential election."
167,2177,3,2,24,4,4,2,2,1,1,1,12,11,7,16,Joe Biden
168,3412,1,2,72,4,99,1,4,2,1,1,53,1,4,-9,"Based on the information provided, this person likely voted for Joe Biden in the 2020 United States presidential election, as they are a strong Democrat."
169,3386,1,2,74,4,6,7,2,1,1,2,29,1,3,17,Donald Trump
170,4554,1,2,68,2,2,1,1,2,1,1,11,2,3,15,Joe Biden
171,3813,1,2,46,4,5,5,2,1,1,2,33,9,6,21,Donald Trump
172,3316,1,2,65,3,2,1,1,2,1,1,17,12,6,15,Joe Biden
173,4577,1,2,66,2,6,6,2,1,1,2,12,1,6,10,Donald Trump
174,1272,1,2,63,1,4,1,1,1,1,1,36,11,6,22,Joe Biden
175,3957,1,2,42,3,5,6,2,2,1,1,17,2,5,21,"Based on the provided information, this person likely voted for Donald Trump in the 2020 United States presidential election."
176,3505,3,1,53,3,99,4,1,2,1,1,36,12,3,22,"Since the individual did not provide their political ideology or party leaning and is independent, it is difficult to determine with certainty who they voted for in the election. However, based on the typical voting patterns of independent voters in the described demographics, it is more likely that this person voted for Joe Biden in the 2020 United States presidential election."
177,5411,1,2,41,4,2,1,1,2,1,1,51,9,6,18,Joe Biden
178,3477,1,2,41,4,2,1,3,2,1,1,18,12,6,22,"Given her strong Democrat affiliation and in line with her political ideology, she most likely voted for Joe Biden in the 2020 United States presidential election."
179,3669,1,2,35,3,4,2,3,2,1,1,53,1,8,21,"Without a strong political party affiliation and the individual not being very interested in politics, it is difficult to determine with certainty which candidate this person voted for in the election. However, given their moderate political ideology and higher socioeconomic status, they may have been more likely to vote for Joe Biden."
180,5235,1,2,80,2,99,6,3,1,1,2,6,5,1,11,"It is difficult to determine for certain which candidate this person voted for based on the limited information provided. However, given their age, location in California, and political party leaning, it is likely that they voted for Joe Biden in the 2020 United States presidential election."
181,5546,1,2,51,4,4,4,1,1,1,1,44,12,3,2,"Based on the provided information, this person most likely voted for Joe Biden in the 2020 United States presidential election."
182,2954,1,2,20,2,99,4,4,1,1,1,55,2,3,1,"Since this person is not very interested in politics and did not disclose their political ideology, party affiliation, or voting preference, it is uncertain which candidate they voted for in the election."
183,4797,1,2,43,3,4,3,2,1,2,1,46,7,6,8,"Given the information provided, it is likely that this person voted for Joe Biden in the 2020 United States presidential election."
184,2655,1,1,80,4,6,7,1,1,1,2,53,2,3,22,"Based on the information provided, this person most likely voted for Donald Trump in the 2020 United States presidential election."
185,3862,1,2,76,3,6,6,2,2,1,2,6,1,2,19,It is likely that this person voted for Donald Trump.
186,4932,1,1,23,4,2,2,1,2,1,1,24,10,6,17,Joe Biden
187,3753,1,1,70,2,7,7,1,2,1,2,31,1,6,13,Donald Trump
188,4480,1,2,49,3,6,6,2,2,1,2,27,12,3,10,"Based on the information provided, this person likely voted for Donald Trump in the 2020 United States presidential election."
189,1706,1,2,36,2,6,6,2,2,1,2,17,1,3,16,Donald Trump
190,1744,3,1,21,4,4,3,2,1,1,1,51,1,95,19,"Based on the provided information, this person likely voted for Joe Biden in the 2020 United States presidential election."
191,5474,1,1,67,3,5,7,2,2,1,2,34,1,2,10,Donald Trump
192,156,1,1,41,2,4,6,2,2,1,2,18,11,6,22,"Based on the information provided, it is difficult to determine with certainty which candidate this person voted for in the election. However, given their moderate political ideology and not very strong affiliation with the Republican party, they could have potentially voted for either Joe Biden or a third-party candidate like Jo Jorgensen or Howie Hawkins."
193,3916,1,2,57,4,2,1,1,1,1,1,13,11,8,21,Joe Biden
194,5081,1,2,47,3,4,1,2,2,1,1,36,2,8,20,Joe Biden
195,3259,1,1,46,2,2,1,2,2,1,1,6,10,2,18,Joe Biden
196,1175,1,1,77,3,2,1,1,2,1,1,25,1,8,13,Joe Biden
197,3206,1,2,57,1,7,6,2,1,1,2,51,1,3,17,Donald Trump
198,233,1,2,51,3,6,5,2,1,1,2,6,1,6,15,"Based on the information provided, this person most likely voted for Donald Trump in the 2020 United States presidential election."
199,4630,1,2,80,2,7,7,2,1,1,2,37,1,3,6,Donald Trump
200,3901,4,2,60,4,99,7,2,2,1,2,59,2,3,-9,"As the person is residing in another country (which is not specified), they would not be eligible to vote in the United States presidential election."
201,1962,4,2,69,3,4,1,1,1,1,1,19,8,7,1,Joe Biden
202,3435,1,1,79,3,6,7,1,1,1,2,59,5,4,1,"Since this individual resides in another country, they would not have been eligible to vote in the United States presidential election."
203,3534,1,2,65,2,2,1,2,1,1,1,31,1,6,18,Joe Biden
204,1411,1,1,50,3,3,1,3,2,1,1,39,11,3,15,Joe Biden
205,5399,1,1,36,4,3,3,3,2,1,1,6,9,7,9,"Based on the information provided, this person would most likely have voted for Joe Biden in the 2020 United States presidential election."
206,2251,1,1,22,2,3,2,2,2,1,1,41,12,3,6,This person likely voted for Joe Biden.
207,2673,1,2,23,2,5,5,3,1,1,2,32,4,3,9,"Based on the information provided, it is possible that this individual voted for Donald Trump in the 2020 United States presidential election."
208,1543,1,2,66,2,3,1,2,1,1,1,36,2,3,15,Joe Biden
209,1350,1,1,78,3,2,1,1,1,1,1,18,11,8,22,Joe Biden
210,4391,1,1,26,4,1,2,3,2,1,1,4,9,3,9,"Given the information provided, it is difficult to determine with certainty which candidate this person voted for in the election. However, based on their political ideology leaning extremely liberal and the fact that they are not a very strong Democrat, it is likely that they would lean towards voting for Joe Biden."
211,1867,1,2,44,1,4,4,3,2,2,3,39,12,3,6,"Given the information provided, it is difficult to determine with certainty which candidate this person voted for in the election. Since the person is not very interested in politics and does not strongly align with a specific party, they could have voted for any of the candidates."
212,132,1,1,63,3,4,4,1,1,1,1,4,11,6,16,"It is difficult to determine who this person voted for based on the information provided as they are an independent with moderate political ideology. They could have voted for Joe Biden, Donald Trump, Jo Jorgensen, Howie Hawkins, or another candidate."
213,5839,6,2,66,1,6,5,2,2,1,2,29,10,7,20,Donald Trump
214,5483,1,2,36,2,6,7,2,2,2,2,12,1,3,17,The person likely voted for Donald Trump in the 2020 United States presidential election.
215,4343,4,1,20,4,6,6,2,1,1,1,36,1,2,14,"Based on the information provided, it is most likely that this person voted for Donald Trump in the 2020 United States presidential election."
216,167,1,1,66,3,4,6,1,1,1,1,51,1,4,13,Donald Trump
217,696,3,1,37,2,3,1,2,2,1,1,48,10,3,15,Joe Biden
218,4750,6,2,56,2,4,4,2,2,1,1,59,2,3,20,"Since the individual resides in another country, they likely did not vote in the United States presidential election."
219,1261,1,1,80,1,7,7,1,2,1,2,39,1,8,16,Donald Trump
220,5113,1,2,80,1,4,7,2,1,1,2,4,1,-9,-9,"Without information on the socioeconomic status and level of scholarity of the person, it is not possible to definitively determine which candidate they voted for in the election. However, based on their political party affiliation and ideology, it is likely that they voted for Donald Trump."
221,960,1,2,69,2,4,1,2,2,1,2,50,1,2,9,Joe Biden
222,810,3,1,25,2,4,3,2,1,1,1,6,10,6,1,Joe Biden
223,1027,1,2,23,3,6,5,3,1,1,2,13,11,6,11,It is likely that this person voted for Donald Trump in the 2020 United States presidential election.
224,751,2,2,41,4,99,1,2,1,1,1,36,1,6,9,Joe Biden
225,2767,2,2,80,3,4,1,2,1,1,1,59,1,8,20,"If this person is living in another country and not eligible to vote in the United States, they would not have been able to cast their vote in the presidential election."
226,4895,2,2,68,4,5,4,2,1,1,1,12,1,7,8,"Given the individual's demographics and political ideology as slightly conservative, it is more likely that they voted for Donald Trump in the 2020 United States presidential election."
227,3554,1,1,41,2,6,7,2,2,1,2,49,12,3,18,Donald Trump
228,5691,1,2,39,4,4,5,3,2,1,1,27,11,7,21,"Since the person is an independent-Republican, they most likely voted for Donald Trump in the 2020 United States presidential election."
229,534,1,1,60,3,4,3,2,2,1,1,51,12,3,12,Joe Biden
230,4950,1,2,35,4,4,4,3,2,1,1,51,12,3,1,"Given that this individual is an independent with moderate political ideology and not very interested in politics, it is difficult to predict which candidate they might have voted for in the election. Independents can swing their vote based on various factors and not being very interested in politics might indicate they didn't vote. So, it is uncertain which candidate they voted for."
231,263,1,2,73,2,3,1,3,2,1,1,50,10,2,10,Joe Biden
232,2288,1,1,48,3,3,3,2,1,1,1,27,10,6,21,Joe Biden
233,3978,1,2,55,2,3,1,2,2,1,1,34,11,7,17,Joe Biden
234,4259,1,2,55,2,7,5,3,1,2,2,17,11,4,14,"Given the individual's extremely conservative political ideology and identification as an independent-Republican, it is likely that they would have voted for Donald Trump in the 2020 United States presidential election."
235,3269,1,1,32,2,5,7,3,1,1,2,29,11,5,1,Donald Trump
236,964,1,2,41,4,1,1,1,1,1,1,36,11,6,20,Joe Biden
237,5035,1,2,77,3,4,2,2,1,1,1,54,1,7,15,Donald Trump
238,3903,1,2,60,3,2,1,2,2,1,1,20,1,7,16,Joe Biden
239,5202,1,2,34,3,99,4,2,2,1,2,10,11,4,2,"Without information about political ideology or party preference, it is difficult to determine for certain which candidate this person may have voted for. However, given their socioeconomic status and residing in Delaware, which is typically a Democratic-leaning state, it is possible that they may have voted for Joe Biden."
240,408,1,1,51,2,7,7,4,1,1,2,47,4,2,1,Donald Trump
241,4066,5,2,42,1,2,1,2,1,1,1,4,2,6,18,Joe Biden
242,168,1,1,70,3,99,7,2,1,1,2,36,2,2,16,Donald Trump
243,5660,1,2,25,4,4,5,3,2,1,2,34,10,6,2,"Based on the information provided, it is not possible to definitively determine which candidate this person voted for in the 2020 United States presidential election as they are listed as an independent-Republican and their political interest is listed as not very interested. However, a hypothesis would suggest that they may have voted for Donald Trump."
244,755,1,1,58,3,4,5,2,1,1,2,18,1,7,21,"It is difficult to determine the specific candidate this individual voted for based on the information provided, as they identify as a ""moderate; middle of the road"" and an ""independent-Republican."" However, given the information that they are upper class and live in Indiana, where the majority tends to lean Republican, it is possible that this person may have voted for Donald Trump."
245,1669,6,2,34,1,4,4,1,2,2,2,55,12,6,17,"This individual could have voted for any of the candidates listed, as they did not specify a strong party affiliation or political ideology."
246,5075,2,1,56,2,4,1,2,1,1,1,11,12,3,10,Joe Biden
247,1695,2,1,54,3,4,1,1,1,1,1,59,11,7,10,"As this individual is residing in another country, they would not have been eligible to vote in the United States presidential election."
248,3839,1,1,80,2,4,4,1,1,1,1,49,4,8,18,"There is not enough information to definitively predict which candidate this person voted for in the election, as they are registered as an independent and have a moderate political ideology. They could have voted for either Joe Biden, Donald Trump, a third-party candidate such as Jo Jorgensen, or potentially even a write-in candidate."
249,4985,1,2,56,3,4,6,3,1,1,2,22,2,6,19,"Based on the information provided, it is likely that this person voted for Joe Biden in the 2020 United States presidential election."
250,2821,1,2,30,3,5,6,3,2,1,1,17,2,7,20,"Given the information provided, it is likely that this person voted for Donald Trump in the 2020 United States presidential election."
251,5403,2,2,32,4,5,6,2,1,1,1,32,1,6,15,"Based on the provided information, this person would likely have voted for Joe Biden in the 2020 United States presidential election."
252,952,1,2,52,3,6,7,2,1,1,2,6,-9,6,20,Donald Trump
253,80,1,1,36,1,6,7,2,1,1,2,18,11,6,17,Donald Trump
254,3034,1,2,66,3,2,1,1,1,1,1,24,2,7,21,Joe Biden.
255,5157,1,2,22,3,6,5,2,1,1,2,26,2,3,15,It is likely that this person voted for Donald Trump.
256,2318,1,2,67,3,1,1,1,2,1,1,6,12,7,4,Joe Biden
257,5740,1,2,69,3,4,1,1,1,1,1,42,2,2,8,Joe Biden
258,4420,1,1,80,2,7,7,1,1,1,2,18,1,3,4,Donald Trump
259,5008,2,2,39,4,4,1,3,1,2,1,1,12,3,5,Joe Biden
260,5508,4,2,44,3,3,2,2,1,1,1,26,1,7,10,Joe Biden
261,1456,6,2,47,2,6,6,2,1,1,2,12,1,6,17,"Based on the information provided, this person likely voted for Donald Trump in the 2020 United States presidential election."
262,2900,1,2,61,1,7,6,1,1,1,2,1,1,4,11,Donald Trump
263,4439,1,2,34,1,5,4,2,2,1,3,1,11,2,10,"It is not possible to determine with certainty which candidate this person voted for in the election as they are an independent voter and their political ideology leans slightly conservative. They could have voted for either Joe Biden, Donald Trump, Jo Jorgensen, or another candidate."
264,3624,2,2,42,1,4,1,4,2,1,1,22,11,7,8,"Based on the given information, this person most likely voted for Joe Biden in the 2020 United States presidential election."
265,1539,1,2,50,3,4,4,1,1,1,1,59,3,2,22,"Unfortunately, as this person is residing in another country, they would not have been eligible to vote in the United States presidential election."
266,17,1,1,24,4,2,3,1,2,1,1,36,10,6,21,"It is likely that this person voted for Joe Biden in the 2020 United States presidential election. As an independent-Democrat with liberal political ideology, and being very interested in politics, they align more closely with Biden's platform and policies."
267,800,1,1,59,3,6,7,4,1,1,2,1,2,6,1,Donald Trump
268,2699,1,1,69,3,3,3,1,2,1,1,56,1,6,11,Joe Biden
269,1740,1,2,66,2,6,5,2,1,1,2,33,1,3,16,"Based on the information given, it is likely that this person voted for Donald Trump in the 2020 United States presidential election."
270,4128,1,2,71,3,6,7,2,1,1,2,29,2,3,6,Donald Trump
271,3576,2,1,59,4,5,1,2,1,1,1,39,11,3,6,Joe Biden
272,5614,1,1,25,3,6,7,4,1,1,2,48,11,5,9,"Based on the given information, it is likely that this person voted for Donald Trump in the 2020 United States presidential election."
273,561,1,1,39,4,3,1,1,1,1,1,17,7,6,21,Joe Biden
274,586,1,1,56,2,6,6,3,1,1,2,41,2,6,22,"Based on the information provided, this person likely voted for Donald Trump in the 2020 United States presidential election."
275,5243,3,2,25,3,3,2,2,2,1,1,24,5,6,20,Joe Biden
276,4774,1,2,27,3,6,7,2,1,1,2,48,1,7,21,Donald Trump
277,5378,1,1,66,4,4,1,2,1,1,1,42,2,3,3,Joe Biden
278,308,1,2,52,3,6,2,2,2,1,1,12,11,6,16,Donald Trump
279,4845,1,1,52,2,99,3,2,2,1,1,17,11,2,1,Joe Biden
280,5273,2,1,77,2,99,3,2,1,1,1,13,11,6,17,Joe Biden
281,1129,1,1,73,3,6,7,1,1,1,2,39,12,1,5,Donald Trump
282,4865,1,1,71,2,3,1,1,1,1,1,41,11,3,5,Joe Biden
283,5595,1,2,72,2,4,3,2,2,1,1,36,12,6,8,Joe Biden
284,4099,1,2,65,2,6,7,2,1,1,2,48,1,7,9,Donald Trump
285,783,1,1,78,1,4,7,2,1,1,2,22,2,6,1,Donald Trump
286,4055,2,2,61,4,2,1,1,1,1,1,6,1,7,10,Joe Biden
287,14,1,2,62,3,2,1,2,1,1,1,17,2,6,-9,Joe Biden
288,2104,3,1,42,4,6,7,2,2,1,2,6,1,2,14,Donald Trump
289,3258,1,1,51,2,6,7,2,1,1,2,42,1,3,18,Donald Trump
290,3315,1,1,80,4,6,6,2,2,1,2,6,2,6,18,"Based on the provided information, it is likely that this person voted for Donald Trump in the 2020 United States presidential election."
291,5241,1,2,19,4,1,1,2,1,2,1,37,9,3,1,Joe Biden
292,1507,1,2,55,1,5,6,2,1,1,2,20,1,4,22,"Given the individual's slightly conservative political ideology and Republican affiliation, as well as their level of political interest, this person would likely have voted for Donald Trump in the 2020 United States presidential election."
293,1586,1,1,62,4,5,5,1,1,1,2,6,1,3,22,Donald Trump
294,2678,1,2,36,3,5,5,2,1,1,2,42,2,8,21,"Based on the information provided, this person most likely voted for Donald Trump in the 2020 United States presidential election."
295,65,1,2,44,4,3,2,1,1,1,1,12,1,6,21,It is likely that this person voted for Joe Biden in the 2020 United States presidential election.
296,3887,1,1,34,4,7,6,1,2,1,2,39,2,2,15,Donald Trump
297,2389,1,1,65,1,1,3,1,1,1,4,37,11,3,1,Joe Biden
298,1840,2,2,41,2,99,3,3,1,2,1,2,1,8,1,Joe Biden
299,2154,1,2,63,2,6,7,1,1,1,2,20,1,5,16,Donald Trump
300,3276,1,2,73,3,6,7,2,1,1,2,42,1,6,15,Donald Trump
301,4930,3,1,37,4,3,2,2,2,1,1,34,11,7,-9,Joe Biden
302,4684,1,2,77,3,6,5,2,1,1,2,36,1,3,15,Donald Trump
303,4902,1,2,40,4,6,7,2,2,1,2,16,12,2,11,Donald Trump
304,2302,3,2,60,4,4,1,2,1,1,1,6,2,1,10,Joe Biden
305,2329,1,2,45,3,99,1,3,2,1,1,42,12,6,17,"Based on the provided information, this person is likely to have voted for Joe Biden in the 2020 United States presidential election."
306,88,1,1,57,4,3,6,2,1,1,2,59,2,6,8,The person did not vote in the United States presidential election if they resided in another country.
307,2358,1,2,68,2,2,1,1,2,1,1,12,10,3,5,Joe Biden
308,4463,1,2,58,4,3,2,1,2,1,1,26,11,3,-9,"Based on the information provided, it is most likely that this person voted for Joe Biden in the 2020 United States presidential election."
309,3733,1,1,74,4,6,7,2,2,1,2,17,2,8,12,Donald Trump
310,3479,1,1,67,2,6,5,2,2,1,2,36,12,7,13,Donald Trump
311,877,1,2,31,3,2,1,2,2,1,1,6,10,6,22,Joe Biden
312,1623,1,2,61,3,1,1,2,2,1,1,34,2,6,18,Joe Biden
313,4814,1,1,73,4,2,1,2,2,1,1,25,11,6,14,Joe Biden
314,4173,4,2,58,3,6,7,2,2,1,2,59,1,4,14,"Since this person resides in another country, they would not have been eligible to vote in the United States presidential election."
315,5473,2,2,51,3,2,1,2,2,1,1,39,11,6,21,Joe Biden
316,977,1,2,62,1,4,2,2,1,1,2,47,11,4,2,"Based on the information provided, it is difficult to determine with certainty which candidate this person voted for in the 2020 United States presidential election as they are not a very strong Democrat and have a moderate political ideology. This could suggest that they might have voted for a candidate other than Joe Biden. However, without more specific information or confirmation, it is not possible to accurately determine their vote."
317,1905,3,1,50,2,4,3,2,2,1,1,4,2,6,19,Joe Biden
318,1886,1,2,68,3,4,5,1,1,1,1,17,2,2,8,"Based on the given information, this person likely voted for Donald Trump in the 2020 United States presidential election."
319,2346,1,1,76,2,6,7,1,1,1,2,36,2,6,1,Joe Biden
320,3270,1,1,69,3,5,5,2,1,1,2,9,2,3,15,Donald Trump
321,2339,3,1,60,4,7,5,1,1,1,2,34,1,2,13,Donald Trump
322,5522,1,2,48,1,2,1,2,2,1,1,39,12,6,16,Joe Biden
323,3196,1,2,76,2,5,7,1,1,1,2,44,11,6,5,Donald Trump
324,5302,1,2,63,3,2,1,2,2,1,1,34,1,6,1,Joe Biden
325,5850,1,2,45,4,3,3,3,1,1,1,4,12,7,1,Joe Biden
326,1505,2,2,80,4,99,1,2,1,1,1,26,1,5,6,Joe Biden
327,3109,3,1,37,4,99,3,1,2,1,1,35,11,3,6,Joe Biden
328,426,1,2,45,1,6,7,2,2,1,2,6,2,2,16,Donald Trump
329,530,2,1,43,3,3,3,3,1,1,1,17,11,6,20,Joe Biden
330,5310,1,2,41,3,99,1,3,2,1,1,12,12,4,5,"Based on the information provided, this person voted for Joe Biden."
331,4182,2,2,75,4,2,1,2,1,1,1,28,11,5,22,Joe Biden
332,5217,1,2,76,3,4,3,2,2,1,1,37,1,6,20,Joe Biden
333,181,1,1,60,1,4,1,3,2,1,1,18,12,7,17,Joe Biden
334,5527,1,1,59,1,2,1,1,2,1,1,39,2,3,11,Joe Biden
335,401,1,2,39,1,5,5,3,1,1,2,29,1,6,21,Donald Trump
336,1101,1,2,61,1,6,5,2,1,1,2,47,1,2,15,Donald Trump
337,1954,1,1,51,2,6,5,2,1,1,2,25,12,2,3,Donald Trump
338,1831,6,1,40,4,6,6,3,2,1,2,40,9,7,1,"Given the information provided, it is likely that this person voted for Donald Trump."
339,3559,1,1,43,1,5,7,3,2,1,2,13,1,2,9,Donald Trump
340,2146,3,1,59,4,6,5,1,2,1,2,48,2,3,4,Donald Trump
341,3625,1,2,58,4,3,4,1,2,1,1,12,12,7,6,"Given the information provided, it is not clear which candidate this person voted for in the 2020 United States presidential election as they are listed as an independent. So, they could have voted for any of the candidates mentioned or another independent candidate."
342,5367,1,2,74,1,4,2,2,2,1,2,24,1,5,16,Joe Biden
343,3829,1,2,77,4,4,1,2,1,1,1,42,1,4,11,Joe Biden
344,259,1,2,56,3,2,1,1,2,1,1,34,10,7,21,Joe Biden
345,279,1,1,59,2,99,1,3,2,1,1,42,2,2,11,Joe Biden
346,1144,3,2,35,4,7,7,2,1,1,2,39,11,6,17,Donald Trump
347,198,1,2,35,4,2,1,2,2,1,1,39,11,3,4,Joe Biden
348,5152,1,2,38,4,2,3,3,2,1,1,26,12,8,18,"Based on the information provided, this person might have voted for Joe Biden in the 2020 United States presidential election."
349,1892,1,1,34,2,4,5,3,1,1,1,30,2,3,15,"Based on the information provided, it is not possible to definitively determine which candidate this person voted for in the 2020 United States presidential election, as the individual's political interest is low and their political ideology is moderate. They may have chosen to abstain from voting or selected another candidate outside of the four options listed (Joe Biden, Donald Trump, Jo Jorgensen, or Howie Hawkins)."
350,544,1,1,53,3,7,7,2,1,1,2,13,1,6,20,Donald Trump
351,4540,1,2,36,2,99,7,4,2,1,2,23,1,1,6,"Based on the provided details, it is unclear if this person voted in the election since they have no political interest. If they did vote, it is likely that they voted for Donald Trump based on their strong Republican affiliation."
352,1351,3,1,26,2,99,7,2,2,1,2,12,12,5,17,Donald Trump
353,553,1,1,73,2,6,7,2,2,1,2,36,2,6,10,"Based on the provided information, it is likely that this person voted for Donald Trump in the 2020 United States presidential election."
354,681,1,1,36,3,6,6,2,1,1,2,26,1,6,16,Donald Trump
355,3130,2,1,44,4,4,1,2,1,1,1,24,1,3,7,Joe Biden
356,2022,1,1,60,4,2,2,1,2,1,1,4,5,6,21,Joe Biden
357,2306,1,1,55,1,2,7,2,1,1,2,1,12,3,2,Donald Trump
358,599,3,1,80,2,5,1,2,1,1,1,-9,2,2,5,Joe Biden
359,3418,2,1,67,4,99,1,3,1,1,1,48,11,4,1,"Given the strong Democratic party affiliation, it is likely that this person voted for Joe Biden in the 2020 United States presidential election."
360,763,1,1,80,2,6,6,3,1,2,1,21,1,6,17,"In this scenario, the person likely voted for Donald Trump."
361,3661,1,1,35,2,5,4,1,2,1,1,12,11,2,15,"Based on the information provided, it is difficult to determine which candidate this person voted for in the election. Given that they identify as independent and have a slightly conservative political ideology, they could have potentially voted for Donald Trump, Jo Jorgensen, Howie Hawkins, or another candidate besides Joe Biden."
362,2918,1,1,36,2,99,4,4,2,1,2,8,12,1,11,"It is not possible to determine which candidate this person voted for in the 2020 United States presidential election based on the information provided, as the person's political ideology and party affiliation are not specified. Additionally, their lack of political interest may indicate that they did not vote at all."
363,1297,1,1,43,2,6,7,2,2,1,2,55,2,4,8,Donald Trump
364,747,1,2,66,1,2,7,2,1,1,2,51,11,3,5,"Based on the information provided, this person seems to have conflicting political ideologies and party affiliations. However, since they are a strong Republican despite being liberal, it is likely that they would have voted for Donald Trump in the 2020 United States presidential election."
365,15,1,2,80,3,3,2,2,1,1,1,55,2,2,5,"Given the information provided, this person might have voted for Joe Biden in the 2020 United States presidential election."
366,5893,1,2,68,3,6,7,2,2,1,2,36,2,5,19,Donald Trump
367,351,2,1,30,3,6,5,1,1,1,2,48,11,7,21,"Based on the information provided, this individual likely voted for Donald Trump in the 2020 United States presidential election."
368,2484,1,1,65,1,6,5,2,1,1,2,10,1,7,22,Donald Trump
369,1726,1,2,43,4,4,2,2,1,1,1,48,1,6,18,"It is difficult to determine the exact candidate this person voted for based on the information provided, as they seem to have more moderate views and not a strong party loyalty. However, given their moderate political ideology and Democratic leaning, it is possible that they voted for Joe Biden in the 2020 United States presidential election."
370,2534,1,2,80,3,2,4,3,2,1,1,26,12,6,20,"It is not possible to determine with certainty which candidate this person voted for in the election based on the information provided, as they are an independent voter with not very strong political interest. They could have voted for any of the candidates listed."
371,3708,1,1,52,2,6,7,2,2,1,2,39,12,3,12,Donald Trump
372,5044,1,1,28,2,99,4,4,2,2,2,27,12,4,15,"Based on the information provided, it is difficult to determine which candidate this person voted for in the election as their political ideology and interest are not specified. Since they are an independent voter, it could go either way."
373,371,1,1,45,2,6,7,1,2,1,2,30,12,2,10,Donald Trump
374,712,2,1,70,4,4,2,3,1,1,1,12,11,3,3,"Based on the information provided, it is difficult to determine with certainty which candidate this person voted for in the election as they have a moderate political ideology, are not very interested in politics, and do not have a strong party affiliation. However, given their demographic characteristics (such as being black, non-Hispanic, residing in Florida, and having a socioeconomic status of poor), they are more likely to have voted for Joe Biden. Please note that individual voting decisions can vary based on a variety of factors."
375,2117,1,2,31,4,4,1,1,1,1,1,36,12,6,14,Joe Biden
376,5089,1,2,52,4,6,7,2,1,1,2,12,1,4,18,"Based on the information provided, this person likely voted for Donald Trump in the 2020 United States presidential election."
377,5568,1,1,67,4,3,3,1,1,1,1,48,11,8,16,Joe Biden
378,2968,1,1,68,1,7,7,2,1,1,2,34,1,3,19,Donald Trump
379,1215,1,1,36,2,3,2,2,2,1,1,13,9,5,19,Joe Biden
380,1193,4,1,25,2,99,7,2,1,1,2,27,1,2,4,Donald Trump
381,2517,3,2,60,4,99,7,2,1,1,2,45,11,3,4,Donald Trump
382,5427,1,2,47,1,4,5,4,-9,2,2,26,12,7,13,Donald Trump
383,2462,3,1,80,4,4,1,2,2,1,1,57,2,2,15,Joe Biden
384,926,1,2,51,3,6,7,2,2,1,2,6,12,6,1,"Based on the provided information, this person most likely voted for Donald Trump in the 2020 United States presidential election."
385,3881,1,1,66,1,6,7,3,2,2,2,13,11,2,16,Donald Trump
386,5238,1,2,68,1,99,4,2,1,1,1,42,1,7,13,"It is difficult to determine for certain which candidate this person voted for based on the information provided, as they are an independent voter and did not disclose their political ideology. However, given their age, level of education, and religious affiliation, they may be more likely to have voted for Joe Biden in the election."
387,4559,1,1,37,4,3,3,1,2,1,1,44,2,6,8,Joe Biden
388,2135,1,1,55,3,2,1,1,2,1,1,6,9,4,12,Joe Biden
389,2463,1,2,51,1,6,7,3,1,1,2,40,11,3,13,Donald Trump
390,5814,4,1,66,3,5,5,2,2,1,2,59,6,8,19,"Since this person is residing in another country, they would not have been eligible to vote in the United States presidential election."
391,4901,1,1,36,4,3,3,1,2,1,1,53,9,3,19,Joe Biden
392,2173,6,2,38,3,6,7,2,1,1,2,6,11,6,17,Donald Trump
393,3641,1,1,35,2,5,6,3,1,1,2,38,12,6,14,"Based on the information provided, this person most likely voted for Donald Trump in the 2020 United States presidential election."
394,5601,1,2,79,3,6,7,2,1,1,2,26,11,3,14,Donald Trump
395,1699,1,2,43,3,3,1,1,2,1,1,51,12,6,14,"Based on the information provided, it is likely that this person voted for Joe Biden in the 2020 United States presidential election."
396,2881,1,2,19,4,1,1,2,2,1,1,6,12,2,18,Joe Biden
397,4868,2,2,80,1,4,1,2,1,1,1,28,11,2,6,Joe Biden
398,3830,1,2,67,3,2,2,2,2,1,1,55,2,5,17,Joe Biden
399,3499,1,2,75,3,5,7,1,1,1,2,42,1,6,10,Donald Trump
400,3728,2,2,20,1,7,1,2,2,2,1,40,1,2,2,Joe Biden
401,1634,1,2,53,3,6,6,1,1,1,2,18,1,5,16,Donald Trump
402,4427,6,2,38,3,6,7,3,2,1,2,48,1,6,21,Donald Trump
403,501,1,2,35,3,2,1,2,1,1,1,8,11,3,10,Joe Biden
404,5532,1,2,58,3,4,5,1,1,1,4,8,1,6,10,"Based on the information provided, it is likely that this person voted for Donald Trump in the 2020 United States presidential election."
405,8,3,2,37,4,99,1,4,2,1,1,59,1,2,9,"If the person voted from another country, they would not have been able to vote in the United States presidential election."
406,5140,1,2,25,3,2,2,1,2,1,1,17,10,4,12,"Given the information provided, this person likely voted for Joe Biden in the 2020 United States presidential election."
407,3518,1,2,74,3,4,4,2,1,1,1,38,12,7,19,"Without a specific declared party affiliation or strong leaning towards a particular candidate, and being an independent voter, it is not possible to determine with certainty which candidate this person voted for in the election. However, based on the information provided, they may have leaned towards voting for Joe Biden due to their moderate, middle-of-the-road political ideology, and having no strong ties to a particular party."
408,2451,1,1,80,1,7,7,1,1,1,2,29,1,2,11,Donald Trump
409,3442,2,1,72,1,99,3,1,2,1,1,12,12,6,17,Joe Biden
410,2254,1,2,80,4,6,7,1,1,1,2,54,2,3,-9,Donald Trump
411,37,1,1,38,1,3,3,2,2,1,1,27,10,6,21,Joe Biden
412,3274,1,1,69,3,2,1,1,2,1,1,21,2,6,13,Joe Biden
413,230,1,1,56,4,2,1,1,1,1,1,55,1,6,10,Joe Biden
414,4387,6,1,29,4,3,4,1,2,1,1,41,10,3,4,Joe Biden
415,535,1,1,75,3,3,1,1,1,1,1,27,2,3,9,Joe Biden
416,576,1,2,66,2,7,7,3,1,2,2,1,11,4,15,Donald Trump
417,5060,1,1,59,1,7,7,1,1,2,2,29,11,2,5,Donald Trump
418,1862,1,2,40,2,4,6,3,2,1,1,42,2,6,17,"It is difficult to determine the voter choice with certainty based on the given information. However, given the moderate political ideology and not very strong Republican affiliation, this person could have possibly voted for Joe Biden or been undecided."
419,1371,2,2,55,3,4,2,2,1,1,1,28,11,3,1,Joe Biden
420,373,1,1,73,3,6,7,2,1,1,2,42,1,7,11,"Given the individual's demographics and political leaning, they likely voted for Donald Trump in the 2020 United States presidential election."
421,5515,2,1,30,4,4,1,1,1,2,1,17,1,7,15,Joe Biden
422,2218,5,1,67,4,4,1,1,1,1,1,36,8,6,9,Joe Biden
423,33,1,2,53,2,7,7,2,2,1,2,20,1,6,19,Donald Trump
424,4685,1,2,80,1,6,7,2,1,1,2,40,1,2,13,Donald Trump
425,44,1,1,48,2,4,6,2,1,1,1,39,12,2,9,"Based on the information provided, this person might have voted for Joe Biden in the 2020 United States presidential election."
426,4608,3,2,65,4,2,6,4,2,2,2,18,11,2,2,"Based on the information provided, it is difficult to determine with certainty which candidate this person voted for in the election. However, given their liberal political ideology, lack of strong party affiliation, and the demographic trends in Indiana, it is possible that they may have voted for Joe Biden."
427,3970,1,1,37,4,1,3,2,2,1,1,25,9,6,15,Joe Biden
428,2815,4,1,73,4,5,6,3,1,1,1,6,12,3,7,Joe Biden
429,2873,1,1,33,3,3,1,2,2,1,1,6,12,8,22,Joe Biden
430,4404,1,2,72,1,3,1,1,1,1,1,42,2,95,21,Joe Biden
431,4105,2,2,29,3,4,3,4,1,1,1,59,1,7,22,"Since this individual resides in another country, they were not eligible to vote in the United States presidential election."
432,4836,1,2,32,4,3,1,1,1,1,1,48,12,7,21,Joe Biden
433,1879,1,1,46,2,4,4,3,1,1,2,17,2,3,3,"Given the individual's characteristics, it is challenging to definitively determine which candidate they may have voted for in the election. However, based on their moderate political ideology and being from Illinois, a traditionally Democratic-leaning state, they may have been more likely to vote for Joe Biden."
434,4119,1,2,61,3,5,4,1,2,1,1,34,5,6,11,"It's difficult to determine the exact candidate this person voted for based on the information provided. However, given that the individual is slightly conservative and an independent voter, they could have potentially voted for Donald Trump, Joe Biden, or a third-party candidate like Jo Jorgensen or Howie Hawkins."
435,325,1,2,71,2,2,1,2,1,1,1,39,2,3,4,Joe Biden
436,1397,1,1,49,2,2,3,2,2,1,1,18,12,6,10,Joe Biden
437,2118,5,2,64,4,7,7,2,2,1,2,36,2,1,1,Donald Trump
438,3575,1,2,24,4,2,1,2,2,1,1,39,10,6,10,Joe Biden
439,1172,4,1,61,3,2,3,1,2,1,1,6,5,7,22,Joe Biden
440,4916,1,2,33,2,6,7,2,1,1,2,36,2,6,17,Donald Trump
441,3488,1,1,48,1,4,6,3,2,1,2,36,11,1,21,"Given the information provided, it is difficult to determine with certainty which candidate this person voted for in the election. However, based on the fact that they have a not very strong Republican affiliation and are not very interested in politics, it is possible that they may have voted for Donald Trump."
442,63,1,2,78,4,7,7,1,1,1,2,41,1,3,10,Donald Trump
443,4112,1,1,47,4,6,6,2,1,1,2,39,11,3,1,"Based on the provided information, this person most likely voted for Donald Trump in the 2020 United States presidential election."
444,2410,3,2,54,3,3,1,2,1,1,1,48,2,2,5,Joe Biden
445,1632,6,2,80,2,4,6,2,1,1,2,36,-9,7,-9,Joe Biden
446,3167,1,2,51,3,2,1,2,2,1,1,34,9,2,12,Joe Biden
447,1038,1,2,26,2,4,4,1,1,1,2,39,10,6,17,"It is not possible to determine for certain which candidate this person voted for in the election based on the information provided, as they identified as an independent voter with a moderate political ideology. They could have potentially voted for any of the candidates."
448,4672,1,2,50,4,2,2,2,2,1,1,36,12,6,21,Joe Biden
449,2955,1,2,47,4,2,2,2,2,1,1,39,12,6,10,Joe Biden
450,1488,1,1,29,2,6,7,4,1,1,2,42,11,4,21,"Based on the information provided, it is likely that this person voted for Donald Trump in the 2020 United States presidential election."
451,3975,1,2,44,3,6,7,1,1,1,2,48,1,6,16,Donald Trump
452,4396,2,1,51,4,99,5,3,2,1,3,51,10,3,1,"Without specific information on political ideology, party affiliation, or interest in politics, it is not possible to accurately determine which candidate this person voted for in the election."
453,1321,1,2,63,2,2,1,2,2,1,1,55,11,4,5,Joe Biden
454,3816,6,1,27,3,4,3,2,2,1,1,26,6,6,20,"Based on the provided information, this person likely voted for Joe Biden in the 2020 United States presidential election."
455,2543,2,2,61,4,4,2,3,2,1,1,4,11,3,7,"Based on the information provided, it is difficult to determine the specific candidate this person voted for in the election. However, given their moderate political ideology and Democratic leaning, it is probable that they voted for Joe Biden."
456,2732,4,1,47,3,4,5,1,2,1,2,6,12,6,10,"Based on the given information, this person may have voted for Donald Trump in the 2020 United States presidential election."
457,1438,6,1,25,2,5,5,2,2,1,2,42,11,6,10,Donald Trump
458,2658,1,2,38,2,3,3,2,2,1,1,20,10,6,11,Joe Biden
459,5020,1,2,38,1,4,7,3,2,1,2,42,1,5,9,"Based on the information provided, this person most likely voted for Donald Trump in the 2020 United States presidential election."
460,3605,1,2,72,3,3,1,2,2,1,1,25,1,6,17,Joe Biden
461,1937,1,1,39,4,6,6,1,1,1,2,42,5,6,14,"Based on the given information, this person likely voted for Donald Trump in the 2020 United States presidential election."
462,1513,1,2,64,2,2,1,2,1,1,1,-9,9,7,16,"Without knowing the specific region of residence, based on the information provided, it is likely that this person voted for Joe Biden in the 2020 United States presidential election."
463,1084,5,2,50,1,4,1,1,1,1,1,36,11,3,4,Joe Biden
464,4283,1,2,73,4,2,1,2,2,1,1,6,5,6,17,Joe Biden
465,2225,3,1,47,4,6,7,2,1,2,2,34,12,6,17,Donald Trump
466,4629,3,2,38,4,5,6,2,1,1,1,17,1,5,20,"Based on the information provided, this person likely voted for Donald Trump in the 2020 United States presidential election."
467,5452,1,1,57,2,3,3,2,2,1,1,39,1,6,18,Joe Biden
468,3213,1,1,80,3,3,1,1,1,1,1,12,1,8,11,Joe Biden
469,2480,1,2,66,4,4,4,2,2,2,1,25,2,3,1,"Given the information provided, it is difficult to definitively determine who this person voted for in the election. However, based on the information that they are moderate and independent, they may have leaned towards voting for Joe Biden as the Democratic candidate."
470,2801,1,1,80,3,6,7,2,1,1,2,42,2,6,1,Donald Trump
471,1741,2,1,64,2,4,1,2,1,1,1,36,11,4,7,Joe Biden
472,324,1,2,57,4,4,1,2,1,1,1,18,11,7,19,Joe Biden
473,676,1,2,72,2,4,1,2,1,1,1,42,1,6,10,Joe Biden
474,5388,1,1,80,2,6,7,1,1,1,2,31,1,8,16,Donald Trump
475,5356,1,2,20,2,6,7,3,1,1,2,12,1,2,15,Donald Trump
476,1654,3,2,44,1,2,1,2,2,1,1,26,1,4,17,Joe Biden
477,1961,1,2,72,4,5,3,2,1,1,1,59,3,6,6,Joe Biden
478,5889,-8,1,25,4,1,4,4,2,2,1,29,12,3,1,"Based on the information provided, it is likely that this person did not vote in the 2020 United States presidential election due to their lack of political interest."
479,4165,1,1,38,3,1,1,1,2,1,1,31,10,6,15,Joe Biden
480,2519,1,1,69,4,3,4,2,2,1,1,26,9,8,22,Joe Biden
481,1670,1,1,77,2,7,7,1,1,1,2,6,1,4,13,Donald Trump
482,1978,1,1,54,3,6,5,2,1,1,1,50,1,6,18,Donald Trump
483,1694,1,1,80,1,3,1,2,1,1,1,42,10,7,8,Joe Biden
484,4762,1,2,45,2,4,5,2,1,1,2,46,2,7,18,"In this case, since the individual's political party is listed as independent-Republican and they are somewhat interested in politics, it is not possible to definitively determine which candidate they voted for in the election. It could be that they voted for Donald Trump, Joe Biden, a third-party candidate, or chose not to vote at all."
485,1864,1,1,75,4,3,3,1,1,1,1,26,2,4,15,Joe Biden
486,1204,6,1,41,3,3,4,1,2,1,1,11,12,6,19,"Based on the information provided, it is not possible to definitively determine which candidate this person voted for in the 2020 United States presidential election. Since they identified as an independent with a slightly liberal political ideology, they may have voted for Joe Biden, another third-party candidate, or even chosen not to vote at all."
487,1170,6,2,35,1,7,7,2,1,1,2,51,1,5,1,Donald Trump
488,2299,1,1,56,1,4,7,2,1,1,2,22,11,2,12,Donald Trump
489,1782,3,2,71,2,3,3,1,1,2,1,16,11,6,10,"Based on the given information, this person likely voted for Joe Biden in the 2020 United States presidential election."
490,5698,1,1,26,2,2,2,2,1,1,1,55,2,6,17,"Based on the provided information, it is likely that this person voted for Joe Biden in the 2020 United States presidential election."
491,3864,1,2,68,1,6,7,3,1,1,2,28,1,4,4,"Based on the provided information, this person likely voted for Donald Trump in the 2020 United States presidential election."
492,3247,-9,1,50,3,6,5,3,1,1,1,36,2,8,18,Donald Trump
493,4310,3,1,68,4,4,1,2,1,1,1,59,2,1,11,"Since the individual resides in another country, they would not have been eligible to vote in the United States presidential election."
494,2004,1,1,50,3,3,6,2,2,1,1,55,11,4,19,Joe Biden
495,410,2,2,45,4,99,1,2,2,1,1,37,11,5,5,Joe Biden
496,4194,1,1,32,3,5,5,2,1,1,2,49,4,7,11,Donald Trump
497,3017,1,2,34,1,99,6,2,2,1,2,18,12,3,11,"Based on the information provided, it is difficult to determine with certainty which candidate this person voted for in the 2020 United States presidential election. Since their political ideology is not disclosed and their party affiliation is not very strong Republican, they could have potentially voted for either candidate. Voters with this profile may have considered various factors in making their decision."
498,3690,1,1,50,2,5,6,2,1,1,1,36,2,7,17,Donald Trump
499,1109,1,2,67,2,3,1,2,2,1,1,6,12,8,19,Joe Biden
500,2948,1,2,62,1,6,5,2,1,1,2,37,1,3,4,Donald Trump
501,5720,1,2,49,3,2,3,2,-8,1,1,27,1,7,-9,"Most likely, this person voted for Joe Biden in the 2020 United States presidential election."
502,1737,1,2,75,1,6,7,3,2,1,2,29,1,2,19,Donald Trump
503,1033,1,2,51,3,3,2,1,2,1,1,42,2,6,21,Joe Biden
504,3616,1,2,52,4,3,2,2,1,1,1,59,2,7,21,"Since the individual is a slightly liberal-leaning voter who is not very strong Democrat, it is difficult to determine for certain how they voted. However, based on the information provided, they may have been more inclined to vote for Joe Biden."
505,297,5,1,32,3,99,2,3,1,1,1,17,2,8,19,"Based on the information provided, it is not possible to determine which candidate this person voted for in the 2020 United States presidential election as their political ideology and party strength are not clearly defined."
506,4017,3,2,27,3,99,1,2,2,1,1,48,12,4,10,"Based on the information provided, this person most likely voted for Joe Biden in the 2020 United States presidential election."
507,4717,1,2,77,2,6,7,3,1,1,2,17,1,2,9,"Based on the information provided, it is likely that this person voted for Donald Trump in the 2020 United States presidential election."
508,2303,4,1,60,4,3,3,2,2,1,1,12,12,6,20,Joe Biden
509,1370,1,2,28,3,6,7,2,1,1,2,24,2,4,8,"Given the information provided (age, region, socioeconomic status, education level, race, religion, political ideology, political party, and political interest), this individual voted for Donald Trump in the 2020 United States presidential election."
510,742,1,2,51,4,4,1,2,2,1,1,49,4,3,11,Joe Biden
511,2728,1,2,80,1,6,7,2,1,1,2,1,1,7,8,Donald Trump
512,2788,6,1,29,3,5,5,2,1,1,1,59,1,5,19,"If this person does not reside in the United States, they would not have been eligible to vote in the United States presidential election."
513,3914,1,2,50,2,99,3,2,2,1,1,39,9,6,20,"Based on the information provided, since the individual is an independent-Democrat and somewhat interested in politics, it is likely that they voted for Joe Biden in the 2020 United States presidential election."
514,4935,1,2,65,4,2,1,1,2,1,1,20,2,3,18,Joe Biden
515,240,1,2,67,1,7,7,1,1,1,2,31,2,4,18,Donald Trump
516,4362,1,2,41,4,5,7,2,1,1,2,53,11,4,17,Donald Trump
517,2226,3,2,41,3,3,4,2,2,1,1,20,11,6,17,It is impossible to determine which candidate this person voted for in the election based on the information provided.
518,1595,1,2,55,4,99,2,2,2,1,1,39,2,6,21,"Based on the information provided, since the political ideology of this person is not disclosed, it is difficult to determine with certainty which candidate they voted for in the election. However, given that they are not a strong Democrat and only somewhat interested in politics, it is possible that they voted for Donald Trump or opted for a third-party candidate like Jo Jorgensen or Howie Hawkins."
519,1729,1,1,57,2,7,7,1,2,1,2,36,2,2,18,Donald Trump
520,3378,1,2,60,3,6,7,2,1,2,2,27,1,4,13,Donald Trump
521,3794,1,1,29,3,4,4,1,2,1,3,36,9,8,11,"It is not possible to definitively determine which candidate this person voted for in the election based on the information provided, as they identified as an independent with a moderate political ideology. Independent voters can vote for any candidate regardless of party affiliation."
522,4308,1,1,64,1,6,6,2,2,1,2,13,1,2,9,Donald Trump
523,683,1,1,45,2,4,2,2,2,1,1,42,12,6,16,"Based on the provided information, it is not possible to definitively determine which candidate this person voted for in the 2020 United States presidential election as their political party affiliation is not very strong Democrat and they have a moderate political ideology. They could have potentially voted for either Joe Biden or a third-party candidate like Jo Jorgensen or Howie Hawkins."
524,3491,1,1,31,1,6,7,1,1,1,2,36,11,3,21,Donald Trump
525,2770,1,2,41,2,6,6,2,1,1,2,42,11,3,22,Donald Trump
526,5710,1,1,71,3,4,3,2,2,1,1,42,2,7,19,Joe Biden
527,1858,1,1,39,3,2,1,1,2,1,1,6,12,6,14,Joe Biden
528,3664,1,2,25,1,2,3,2,2,1,1,18,1,3,9,Joe Biden
529,3119,4,1,22,2,3,2,2,2,1,1,24,10,6,20,It is impossible to determine which candidate this person voted for in the election based solely on the information provided as the individual's political ideology and party strength are not specified.
530,333,1,1,31,2,6,6,3,1,2,2,51,11,6,9,"Based on the information provided, this person most likely voted for Donald Trump in the 2020 United States presidential election."
531,1002,1,2,46,3,2,2,1,2,1,1,46,10,8,17,Joe Biden
532,4506,1,2,73,2,3,3,4,2,1,1,37,1,4,17,"Based on the information provided, this person may have voted for Joe Biden as they are an independent-Democrat."
533,1545,3,2,37,3,2,1,2,2,1,1,20,12,7,11,Joe Biden
534,3872,1,2,52,1,5,2,3,2,1,1,6,12,6,4,"It is difficult to determine with certainty which candidate this person voted for in the election due to their low level of political interest and overall lack of strong party affiliation. However, based on their slight conservative leanings and being in California, which is a predominantly Democratic state, it is possible they may have voted for Donald Trump."
535,2951,4,2,19,3,2,2,2,1,1,1,17,2,2,1,Joe Biden
536,746,1,1,70,1,5,6,2,2,1,2,53,12,1,-9,Donald Trump
537,3447,3,2,39,2,2,1,2,2,1,1,48,11,3,14,Joe Biden
538,764,1,1,66,1,5,6,2,2,1,2,48,1,2,7,"Based on the information provided, it is likely that this person voted for Donald Trump in the 2020 United States presidential election."
539,247,1,1,65,3,6,7,1,1,1,2,48,1,6,19,Donald Trump
540,4866,1,2,70,2,3,3,2,2,1,1,30,11,3,3,"Most likely Joe Biden, given her slightly liberal political ideology and affiliation as an independent-Democrat."
541,2846,1,2,80,3,4,4,2,1,1,1,54,1,95,11,"It is difficult to predict with certainty given the individual's moderate political ideology and independent party affiliation. However, based on the typical voting patterns in the state of West Virginia, it is possible that this person may have voted for Donald Trump in the 2020 United States presidential election."
542,4478,1,2,28,3,3,3,1,2,1,1,47,1,6,15,Joe Biden
543,3891,1,1,25,1,6,7,2,1,1,2,19,1,2,8,"Based on the information provided, it is likely that this person voted for Donald Trump in the 2020 United States presidential election."
544,4603,3,1,65,2,4,1,2,1,1,1,57,11,2,6,The individual from Puerto Rico in this scenario would not have been eligible to vote in the United States presidential election as Puerto Rico is a territory of the U.S. and its residents cannot vote in federal elections unless they are also U.S. citizens and legal residents of one of the states.
545,5540,1,1,36,3,4,3,2,2,1,1,37,12,6,21,Joe Biden
546,1964,1,1,76,1,2,1,1,2,1,1,6,7,95,1,Joe Biden
547,3956,1,2,37,4,6,5,2,1,1,2,48,1,8,17,"In this case, it is likely that this person would have voted for Donald Trump in the 2020 United States presidential election."
548,1173,3,1,62,2,4,7,2,1,1,2,48,11,2,10,Donald Trump
549,5054,3,1,30,2,4,7,2,2,1,2,48,2,3,10,Donald Trump
550,4086,1,2,76,4,99,5,2,2,1,1,42,1,2,-9,Donald Trump
551,4678,2,1,49,3,99,3,3,2,1,1,17,12,2,19,"Given the information provided, it is likely that this person voted for Joe Biden in the 2020 United States presidential election, as they are listed as an independent-Democrat."
552,4500,1,2,77,2,99,1,3,2,1,1,36,1,3,10,Joe Biden
553,4159,6,2,34,1,6,5,3,2,1,3,41,1,6,10,Donald Trump
554,1032,1,1,38,2,4,6,3,1,1,2,34,2,6,22,"It is difficult to determine which candidate this person voted for in the absence of a strong political party affiliation or interest. However, based on the information provided, it is possible that they may have voted for Joe Biden, given their moderate political ideology and lack of strong party affiliation."
555,5829,6,2,56,1,4,5,2,2,2,2,47,1,6,3,"Based on the information provided, it is likely that this person voted for Donald Trump in the 2020 United States presidential election."
556,315,1,1,36,3,2,3,4,1,1,1,33,11,6,16,Joe Biden
557,5072,1,2,61,2,3,2,2,2,1,1,6,10,8,22,Joe Biden
558,1219,1,1,67,2,2,1,2,2,1,1,55,1,6,11,Joe Biden
559,149,1,2,33,3,7,7,3,1,1,2,47,1,8,1,"Given this individual's political ideology and party affiliation, it is likely that they voted for Donald Trump in the 2020 United States presidential election."
560,1176,1,2,25,3,2,1,2,2,1,1,47,12,7,18,Joe Biden
561,1268,1,2,33,4,2,1,2,2,1,1,24,12,8,21,"Based on the information provided, this person likely voted for Joe Biden in the 2020 United States presidential election."
562,290,1,2,80,1,4,1,1,1,1,1,20,2,2,4,Joe Biden
563,453,1,1,44,3,4,5,2,2,1,2,6,10,5,11,Donald Trump
564,598,1,2,79,1,2,1,1,1,1,1,42,1,2,-9,Joe Biden
565,879,3,1,70,1,6,7,2,1,1,2,26,11,2,4,Donald Trump
566,4082,1,2,53,4,2,2,2,1,1,1,39,11,7,9,Joe Biden
567,5741,1,2,63,2,6,7,2,1,1,2,22,1,6,3,Donald Trump
568,5503,1,2,63,1,6,5,2,1,1,2,30,4,2,16,Donald Trump
569,5137,2,1,60,4,2,1,2,1,1,1,39,11,6,9,Joe Biden
570,5565,1,1,52,3,3,1,1,2,1,1,34,12,7,13,Joe Biden
571,5617,1,2,51,4,3,5,1,1,1,2,39,11,7,12,"It is likely that this person voted for Joe Biden in the 2020 United States presidential election, given their slightly liberal political ideology and independent-Republican party affiliation."
572,4535,1,2,37,4,2,1,1,2,1,1,36,12,6,17,Joe Biden
573,2163,1,2,36,1,7,6,3,1,1,2,1,11,6,15,Donald Trump
574,2615,1,1,38,3,2,3,2,2,1,1,59,2,95,22,It is not possible for this person to have voted in the United States presidential election if they reside in another country.
575,1789,1,1,42,3,3,6,2,2,1,1,36,1,6,22,Joe Biden
576,3349,1,2,53,1,4,6,4,2,1,2,53,12,6,2,"It is difficult to determine which candidate this person voted for given the information provided. However, based on their moderate political ideology and their lack of strong interest in politics, they may have been more likely to vote for Joe Biden in the election."
577,3208,1,1,49,1,5,6,2,2,1,2,47,1,6,20,"Based on the information provided, this person likely voted for Donald Trump in the 2020 United States presidential election."
578,4256,1,2,80,1,4,4,2,2,1,1,6,12,6,13,Joe Biden
579,5757,1,1,78,4,2,1,1,2,1,1,39,12,8,22,Joe Biden
580,655,1,2,35,1,7,7,4,2,1,2,47,1,6,19,"Based on the information provided, this person would likely have voted for Donald Trump in the 2020 United States presidential election."
581,4800,1,1,71,4,6,7,2,2,1,2,8,12,3,5,Donald Trump
582,4999,1,2,73,4,6,5,1,1,1,2,17,2,2,12,Donald Trump
583,1897,2,1,50,4,4,3,1,2,1,1,39,12,3,4,Joe Biden
584,3958,1,2,66,4,2,1,1,2,1,1,25,5,7,10,Joe Biden
585,5154,1,1,71,2,6,7,1,1,1,2,41,12,3,10,Donald Trump
586,3550,4,2,18,2,5,6,4,1,1,2,41,1,2,16,"Based on the information provided, this person did not vote in the 2020 United States presidential election as they are not interested in politics."
587,381,1,1,73,2,7,7,1,2,1,2,19,1,4,12,Donald Trump
588,604,1,2,75,4,4,3,1,2,1,1,41,12,7,4,Joe Biden
589,4366,6,1,38,4,2,3,1,2,1,1,6,9,6,11,Joe Biden
590,422,1,2,77,3,6,7,2,2,1,2,6,2,3,-9,Donald Trump
591,4546,1,1,75,1,2,1,2,2,1,1,42,1,3,18,Joe Biden
592,1253,1,2,43,1,7,7,3,1,1,2,28,1,95,16,Donald Trump
593,1181,1,1,78,3,6,6,2,2,1,2,9,2,6,13,Donald Trump
594,5656,1,2,63,4,5,7,2,1,1,2,1,1,6,17,Donald Trump
595,124,1,1,30,4,2,3,1,2,1,1,24,11,6,7,Joe Biden
596,102,1,2,37,1,2,4,1,2,1,1,49,9,8,17,"Based on the information provided, it is likely that this person voted for Joe Biden in the 2020 United States presidential election."
597,3612,1,2,72,4,2,1,2,2,1,1,49,1,3,-9,Joe Biden
598,5462,1,2,54,3,6,7,1,2,1,2,55,1,6,12,Donald Trump
599,1335,1,2,42,3,2,1,1,1,1,1,25,2,8,22,Joe Biden
600,5429,1,1,75,3,3,1,1,2,1,1,17,10,3,8,Joe Biden
601,4365,1,2,33,1,7,7,2,2,1,2,26,12,95,10,Donald Trump
602,5118,1,2,69,2,2,1,1,1,1,1,50,1,95,3,Joe Biden
603,3334,1,1,44,1,5,5,1,2,1,1,13,9,7,22,Donald Trump
604,1483,1,1,63,1,4,3,2,2,1,1,31,12,6,18,Joe Biden
605,135,1,2,69,4,6,7,1,1,1,2,34,1,7,15,Donald Trump
606,4574,1,2,52,2,99,7,2,1,1,2,10,11,2,1,Donald Trump
607,2057,4,1,63,3,4,5,3,2,1,1,59,12,7,15,"Based on the information provided, it is not explicitly mentioned who this person voted for in the U.S. presidential election. They are an independent-Republican with a moderate political ideology and not very interested in politics, so it is difficult to determine their specific choice."
608,5048,1,1,62,2,6,7,2,1,1,2,50,11,6,20,"Based on the information provided, this person most likely voted for Donald Trump in the 2020 United States presidential election."
609,4290,1,2,76,3,2,1,1,2,1,1,19,1,6,17,Joe Biden
610,2164,1,2,80,4,5,7,2,1,1,2,55,1,3,10,Donald Trump
611,1566,1,2,35,2,5,6,3,2,1,2,6,11,4,9,"Based on the information provided, it is not clear which candidate this person voted for in the election."
612,893,1,2,62,4,99,3,2,1,1,1,49,3,6,-9,Joe Biden
613,1042,1,2,33,1,5,6,4,1,1,2,17,2,5,19,"Based on the information provided, it is more difficult to determine for sure how this person voted in the election. However, given that they have a slightly conservative political ideology and are not strongly interested in politics, there is a possibility that they voted for Donald Trump."
614,4663,1,2,52,2,6,7,2,1,1,2,45,1,6,7,Donald Trump
615,2244,1,1,65,4,2,5,1,2,1,2,59,1,7,21,"Without more specific information about where this person was able to vote in the U.S. presidential election, and assuming they are not eligible to vote in the United States since they reside in another country, they would not have been able to vote in the election."
616,1803,1,2,79,1,4,5,1,1,1,2,6,1,4,9,Donald Trump
617,1454,1,1,30,4,1,3,4,2,1,1,24,12,3,16,"Based on the information provided, this person most likely voted for Joe Biden in the 2020 United States presidential election."
618,3792,3,1,66,1,6,6,1,1,1,2,12,2,3,10,"Based on the provided information, this person likely voted for Donald Trump in the 2020 United States presidential election."
619,865,1,1,63,1,6,7,2,2,1,2,12,1,6,7,Donald Trump
620,5350,3,2,18,4,1,1,1,2,1,1,48,2,95,4,Joe Biden
621,3724,1,2,28,4,2,2,2,2,1,1,39,12,3,14,"Based on the information provided, it is likely that this person voted for Joe Biden in the 2020 United States presidential election."
622,5586,1,1,27,4,1,1,1,2,1,1,48,9,6,14,Joe Biden
623,3106,1,2,80,3,6,7,2,1,1,2,6,1,6,14,Donald Trump
624,144,2,2,29,3,4,4,4,1,1,1,20,11,5,17,"Without any political interest and given the factors provided, it is not possible to determine with certainty which candidate this person voted for in the election."
625,380,4,2,40,4,2,3,2,1,1,1,59,8,7,22,"As this individual resides in another country, they would not have been eligible to vote in the United States presidential election."
626,1436,1,2,70,3,3,1,2,2,1,1,6,2,8,9,Joe Biden
627,3859,1,2,57,2,6,7,2,1,1,2,8,11,3,17,Donald Trump
628,3237,5,1,53,3,4,5,1,1,1,2,20,11,6,8,"There is not enough information to definitively determine which candidate this person voted for in the 2020 United States presidential election. Given their political ideology and party affiliation, they may have voted for either Joe Biden or Donald Trump, or they could have chosen a third-party candidate like Jo Jorgensen or Howie Hawkins."
629,121,1,1,62,2,7,7,3,1,2,2,21,1,2,18,Donald Trump
630,611,1,2,41,1,6,6,2,2,1,2,31,2,6,1,It is likely that this person voted for Donald Trump in the 2020 United States presidential election.
631,2273,1,2,47,3,5,7,2,2,1,2,37,12,5,-9,"Based on the information provided, it is likely that this person voted for Donald Trump in the 2020 United States presidential election."
632,1197,1,2,66,4,4,4,2,1,1,1,26,2,2,2,"It is not possible to determine for certain which candidate this person voted for in the election based on the information provided. However, given the individual's moderate political ideology and being from Michigan, a swing state that leaned towards Joe Biden in the election, it is more likely that she voted for Joe Biden."
633,418,6,2,36,2,1,1,1,2,1,1,6,9,7,20,Joe Biden
634,2181,2,2,37,2,99,4,3,2,1,2,12,12,3,1,"Based on the information provided, it is not possible to determine which candidate this person voted for in the 2020 United States presidential election as their political ideology and party affiliation are not specified."
635,4209,1,1,59,3,7,7,1,1,1,2,5,1,6,17,Donald Trump
636,1600,1,2,72,1,6,7,2,1,1,2,47,1,95,10,Donald Trump
637,3949,3,2,33,3,3,3,2,2,1,1,8,12,3,12,Joe Biden
638,5776,1,2,35,1,6,5,2,2,1,1,42,1,5,16,Donald Trump
639,915,2,2,66,4,2,1,3,1,1,1,34,11,7,11,Joe Biden
640,2742,1,2,70,1,3,1,2,1,1,1,6,1,8,21,Joe Biden
641,1344,1,1,55,1,7,7,2,2,1,2,13,11,3,4,Donald Trump
642,3080,2,2,23,2,3,1,2,2,1,1,21,1,6,9,Joe Biden
643,248,6,2,38,2,99,7,2,1,1,3,45,11,7,1,Donald Trump
644,3837,1,2,33,3,3,3,2,2,1,1,-9,2,6,10,"Based on the information provided, this person likely voted for Joe Biden in the 2020 United States presidential election."
645,4338,1,2,56,4,6,7,2,1,1,2,48,1,6,21,Donald Trump
646,447,1,2,45,2,2,4,2,2,1,1,21,10,7,2,"Based on the information provided, it is most likely that this person voted for Joe Biden in the 2020 United States presidential election."
647,4320,1,2,23,3,2,3,3,2,1,1,37,12,6,7,"Based on the provided information, this person likely voted for Joe Biden in the 2020 United States presidential election."
648,4873,1,2,51,2,6,7,1,1,1,2,19,1,7,-9,"Based on the information provided (age, region, political party affiliation, political ideology, and political interest), it is likely that this person voted for Donald Trump in the 2020 United States presidential election."
649,4303,1,2,50,2,4,4,3,1,1,2,36,2,6,17,"It is difficult to determine which candidate this person voted for, as they are an independent with not very strong political interest. They might have voted for a candidate from either major party or a third-party candidate like Jo Jorgensen or Howie Hawkins."
650,2902,2,1,23,3,2,1,3,1,1,1,13,1,6,19,Joe Biden
651,2187,1,2,27,4,3,1,2,2,1,1,26,12,5,8,Joe Biden
652,3434,1,1,62,2,3,3,3,2,1,1,17,12,2,17,"Given that the individual is an independent-Democrat and slightly liberal, they most likely voted for Joe Biden in the 2020 United States presidential election."
653,3383,1,2,59,2,6,5,2,2,1,2,6,12,7,15,Donald Trump
654,3260,1,1,64,3,4,1,2,2,1,1,26,12,3,10,Joe Biden
655,2347,1,1,61,4,6,6,1,2,1,2,48,1,6,22,Donald Trump
656,3252,1,2,39,1,4,2,2,1,1,1,46,11,5,20,Joe Biden
657,5176,1,1,73,3,5,5,2,1,1,2,42,2,4,10,Donald Trump
658,414,6,1,67,2,7,7,1,1,1,2,8,11,3,20,Donald Trump
659,3352,1,2,58,3,2,1,1,1,1,1,19,11,6,10,Joe Biden
